,,,-2,-1,0
1,2,3,4,5,6
fire_station,station,box,fire_box,hydrant_area,running_order
DISTRICT 1,1,1,1-1,TRUE,"[1,10,6,8,5,7,4,2,3,9,11,12]"
DISTRICT 1,1,2,1-2,TRUE,"[1,8,10,6,5,7,4,2,3,9,11,12]"
DISTRICT 1,1,3,1-3,TRUE,"[1,8,10,5,6,7,4,2,3,9,11,12]"
DISTRICT 1,1,4,1-4,TRUE,"[1,8,10,5,6,7,4,2,3,9,11,12]"
DISTRICT 1,1,5,1-5,TRUE,"[1,8,10,6,4,5,7,2,3,9,11,12]"
DISTRICT 1,1,6,1-6,FALSE,"[1,10,4,8,6,5,7,2,3,9,11,12]"
DISTRICT 1,1,7,1-7,TRUE,"[1,8,10,6,5,7,4,2,3,9,11,12]"
DISTRICT 1,1,8,1-8,TRUE,"[1,10,6,8,5,7,4,2,3,9,11,12]"
DISTRICT 1,1,9,1-9,TRUE,"[1,10,6,8,5,7,4,2,3,9,11,12]"
DISTRICT 1,1,10,1-10,TRUE,"[1,10,7,6,8,5,2,4,9,3,11,12]"
DISTRICT 1,1,11,1-11,TRUE,"[1,10,6,8,7,5,2,4,3,9,11,12]"
DISTRICT 1,1,12,1-12,TRUE,"[1,10,7,6,8,5,2,4,9,3,11,12]"
DISTRICT 1,1,13,1-13,TRUE,"[1,10,6,7,8,5,2,4,9,3,11,12]"
DISTRICT 1,1,14,1-14,TRUE,"[1,10,7,6,8,5,2,4,9,3,11,12]"
DISTRICT 1,1,15,1-15,TRUE,"[1,10,7,6,8,5,2,4,9,3,11,12]"
DISTRICT 1,1,17,1-17,TRUE,"[1,10,7,6,8,5,2,4,9,3,11,12]"
DISTRICT 1,1,18,1-18,TRUE,"[1,10,7,6,2,8,5,9,4,3,11,12]"
DISTRICT 1,1,19,1-19,TRUE,"[1,10,7,6,8,5,4,2,9,3,11,12]"
DISTRICT 1,1,20,1-20,TRUE,"[1,10,7,6,2,8,5,4,9,3,11,12]"
DISTRICT 1,1,21,1-21,TRUE,"[1,10,6,7,8,5,4,2,9,3,11,12]"
DISTRICT 1,1,22,1-22,TRUE,"[1,10,6,8,7,5,4,2,9,3,11,12]"
DISTRICT 1,1,23,1-23,TRUE,"[1,10,6,8,5,7,4,2,3,9,11,12]"
DISTRICT 1,1,24,1-24,TRUE,"[1,10,7,6,8,5,2,4,9,3,11,12]"
DISTRICT 1,1,25,1-25,FALSE,"[1,10,2,7,6,8,4,5,9,3,11,12]"
DISTRICT 1,1,26,1-26,TRUE,"[1,10,7,6,8,5,2,4,9,3,11,12]"
DISTRICT 1,1,27,1-27,TRUE,"[1,10,4,6,8,7,5,2,3,9,11,12]"
DISTRICT 1,1,28,1-28,TRUE,"[1,10,2,7,6,4,8,5,3,9,11,12]"
DISTRICT 1,1,30,1-30,FALSE,"[1,10,7,6,2,8,5,4,9,3,11,12]"
DISTRICT 1,1,31,1-31,TRUE,"[1,10,8,6,5,7,4,2,3,9,11,12]"
DISTRICT 1,1,32,1-32,TRUE,"[1,10,4,6,8,5,7,2,3,9,11,12]"
DISTRICT 1,1,33,1-33,TRUE,"[1,10,4,8,6,5,7,2,3,9,11,12]"
DISTRICT 1,1,34,1-34,FALSE,"[1,10,2,7,6,8,5,4,3,9,11,12]"
DISTRICT 1,1,38,1-38,FALSE,"[1,10,4,8,6,5,7,2,3,9,11,12]"
DISTRICT 1,1,39,1-39,FALSE,"[1,10,4,8,5,6,7,2,3,9,11,12]"
DISTRICT 1,1,40,1-40,TRUE,"[1,8,10,6,5,7,4,2,3,9,11,12]"
DISTRICT 1,1,41,1-41,TRUE,"[1,8,10,5,6,7,4,2,3,9,11,12]"
DISTRICT 1,1,42,1-42,TRUE,"[1,8,10,6,5,7,4,2,3,9,11,12]"
DISTRICT 1,1,44,1-44,TRUE,"[1,8,10,5,6,7,4,2,3,9,11,12]"
DISTRICT 1,1,45,1-45,TRUE,"[1,8,10,5,6,7,4,3,2,9,11,12]"
DISTRICT 1,1,46,1-46,FALSE,"[1,8,10,5,6,4,7,2,3,9,11,12]"
DISTRICT 1,1,47,1-47,FALSE,"[1,8,10,5,4,6,7,2,3,9,11,12]"
DISTRICT 1,1,48,1-48,FALSE,"[1,10,4,8,5,6,7,2,3,9,11,12]"
DISTRICT 1,1,49,1-49,FALSE,"[1,8,10,5,6,7,4,3,2,9,11,12]"
DISTRICT 1,1,103,1-103,FALSE,"[1,10,8,6,7,5,4,9,3,2,11,12]"
DISTRICT 1,1,105,1-105,FALSE,"[1,8,2,10,6,5,7,4,9,3,11,12]"
DISTRICT 1,1,107,1-107,FALSE,"[1,8,2,10,6,5,7,4,9,3,11,12]"
DISTRICT 1,1,110,1-110,FALSE,"[1,10,7,6,9,8,5,4,2,3,11,12]"
DISTRICT 1,1,398B,1-398B,FALSE,"[1,10,7,6,2,8,5,9,4,3,11,12]"
DISTRICT 1,1,399C,1-399C,FALSE,"[1,7,10,6,2,8,5,9,4,3,11,12]"
DISTRICT 1,1,399D,1-399D,FALSE,"[1,10,7,6,2,8,5,9,4,3,11,12]"
DISTRICT 1,1,399E,1-399E,FALSE,"[1,7,10,6,2,8,5,9,4,3,11,12]"
DISTRICT 1,1,399F,1-399F,FALSE,"[1,8,10,5,6,7,4,2,3,9,11,12]"
DISTRICT 1,1,399G,1-399G,FALSE,"[1,10,6,8,5,7,4,2,3,9,11,12]"
DISTRICT 1,1,399H,1-399H,FALSE,"[1,8,10,6,5,7,4,2,3,9,11,12]"
DISTRICT 1,1,399I,1-399I,FALSE,"[1,10,7,6,8,5,2,9,4,3,11,12]"
DISTRICT 1,1,399J,1-399J,FALSE,"[1,10,7,6,8,5,2,9,4,3,11,12]"
DISTRICT 1,1,399K,1-399K,FALSE,"[1,10,7,6,8,5,2,9,4,3,11,12]"
DISTRICT 1,1,42A,1-42A,TRUE,"[1,10,7,6,2,8,5,9,4,3,11,12]"
DISTRICT 1,1,500D,1-500D,FALSE,"[1,10,7,6,2,9,8,5,4,3,11,12]"
DISTRICT 1,1,500E,1-500E,FALSE,"[1,10,7,6,2,9,8,5,4,3,11,12]"
DISTRICT 1,1,50A,1-50A,FALSE,"[1,8,10,5,6,7,4,2,3,9,11,12]"
DISTRICT 1,1,50B,1-50B,FALSE,"[1,8,10,6,5,7,4,3,2,9,11,12]"
DISTRICT 1,1,50F,1-50F,FALSE,"[1,8,10,4,6,5,7,3,2,9,11,12]"
DISTRICT 1,1,50J,1-50J,FALSE,"[1,4,8,10,5,6,7,3,2,9,11,12]"
DISTRICT 1,1,513A,1-513A,FALSE,"[1,10,4,8,5,6,7,2,3,9,11,12]"
DISTRICT 1,1,513B,1-513B,FALSE,"[1,10,4,6,8,5,7,2,3,9,11,12]"
DISTRICT 1,1,513D,1-513D,FALSE,"[1,10,4,6,8,5,7,2,3,9,11,12]"
DISTRICT 1,1,51B,1-51B,FALSE,"[1,10,7,6,2,8,5,4,9,3,11,12]"
DISTRICT 1,1,51C,1-51C,FALSE,"[1,10,7,6,2,8,5,4,9,3,11,12]"
DISTRICT 1,1,51D,1-51D,FALSE,"[1,10,7,6,8,5,2,4,9,3,11,12]"
DISTRICT 1,1,51E,1-51E,FALSE,"[1,10,7,6,2,8,5,4,9,3,11,12]"
DISTRICT 1,1,51F,1-51F,FALSE,"[1,10,7,6,2,8,5,4,9,3,11,12]"
DISTRICT 1,1,52A,1-52A,FALSE,"[1,10,2,6,8,5,7,4,3,9,11,12]"
DISTRICT 1,1,52B,1-52B,FALSE,"[1,10,2,6,8,5,7,4,3,9,11,12]"
DISTRICT 1,1,52D,1-52D,FALSE,"[1,10,2,7,6,4,8,5,3,9,11,12]"
DISTRICT 1,1,52E,1-52E,FALSE,"[1,10,2,7,6,4,8,5,3,9,11,12]"
DISTRICT 1,1,52M,1-52M,FALSE,"[1,10,7,6,2,8,5,4,9,3,11,12]"
DISTRICT 1,1,52N,1-52N,FALSE,"[1,10,7,6,8,5,2,4,9,3,11,12]"
DISTRICT 1,1,52O,1-52O,TRUE,"[1,10,7,6,8,5,4,2,9,3,11,12]"
DISTRICT 1,1,52P,1-52P,TRUE,"[1,10,6,7,8,5,4,2,9,3,11,12]"
DISTRICT 1,1,52Q,1-52Q,TRUE,"[1,10,4,6,8,7,5,2,3,9,11,12]"
DISTRICT 2,2,2,2-2,FALSE,"[2,9,4,3,11,10,7,6,1,8,5,12]"
DISTRICT 2,2,3,2-3,FALSE,"[2,9,4,3,11,7,10,6,1,8,5,12]"
DISTRICT 2,2,4,2-4,TRUE,"[2,9,4,3,11,1,10,7,6,8,5,12]"
DISTRICT 2,2,5,2-5,FALSE,"[2,4,9,3,11,1,10,7,6,8,5,12]"
DISTRICT 2,2,7,2-7,FALSE,"[2,9,4,3,11,1,10,7,6,8,5,12]"
DISTRICT 2,2,8,2-8,TRUE,"[2,9,4,3,11,7,10,6,1,8,5,12]"
DISTRICT 2,2,9,2-9,FALSE,"[2,9,4,3,11,1,10,7,6,8,5,12]"
DISTRICT 2,2,13,2-13,FALSE,"[2,9,4,7,10,1,6,3,11,8,5,12]"
DISTRICT 2,2,14,2-14,FALSE,"[2,9,7,10,6,1,4,3,11,8,5,12]"
DISTRICT 2,2,15,2-15,FALSE,"[2,1,4,10,7,6,8,5,9,3,11,12]"
DISTRICT 2,2,16,2-16,TRUE,"[2,9,4,3,11,7,10,6,1,8,5,12]"
DISTRICT 2,2,17,2-17,FALSE,"[2,9,4,3,11,7,10,6,1,8,5,12]"
DISTRICT 2,2,74,2-74,FALSE,"[2,4,9,3,11,1,10,7,6,8,5,12]"
DISTRICT 2,2,80,2-80,FALSE,"[2,9,4,3,11,1,10,7,6,8,5,12]"
DISTRICT 2,2,81,2-81,FALSE,"[2,9,4,3,11,1,10,7,6,8,5,12]"
DISTRICT 2,2,87,2-87,FALSE,"[2,4,9,3,11,1,10,7,6,8,5,12]"
DISTRICT 2,2,88,2-88,FALSE,"[2,4,9,3,11,1,10,7,6,8,5,12]"
DISTRICT 2,2,91,2-91,FALSE,"[2,9,4,3,11,1,10,7,6,8,5,12]"
DISTRICT 2,2,92,2-92,FALSE,"[9,2,4,3,11,1,10,7,6,8,5,12]"
DISTRICT 2,2,400,2-400,FALSE,"[2,9,4,3,11,7,10,6,1,8,5,12]"
DISTRICT 2,2,401,2-401,TRUE,"[2,9,4,3,11,7,10,6,1,8,5,12]"
DISTRICT 2,2,511,2-511,FALSE,"[2,4,1,10,7,6,9,3,11,8,5,12]"
DISTRICT 2,2,566,2-566,FALSE,"[2,1,4,10,6,3,8,5,7,9,11,12]"
DISTRICT 2,2,500A,2-500A,FALSE,"[2,9,4,3,11,7,10,6,1,8,5,12]"
DISTRICT 2,2,500B,2-500B,FALSE,"[2,9,4,3,11,7,10,6,1,8,5,12]"
DISTRICT 2,2,500C,2-500C,FALSE,"[2,9,7,10,6,1,4,8,5,3,11,12]"
DISTRICT 2,2,50H,2-50H,FALSE,"[9,2,4,3,11,1,10,7,6,8,5,12]"
DISTRICT 2,2,50I,2-50I,FALSE,"[2,3,11,12,4,9,1,10,6,7,8,5]"
DISTRICT 2,2,512B,2-512B,FALSE,"[2,4,9,3,11,1,10,7,6,8,5,12]"
DISTRICT 2,2,512C,2-512C,FALSE,"[2,4,9,3,11,1,10,7,6,8,5,12]"
DISTRICT 2,2,512D,2-512D,FALSE,"[2,4,9,3,11,1,10,7,6,8,5,12]"
DISTRICT 2,2,51D,2-51D,FALSE,"[2,1,4,10,7,6,8,5,9,3,11,12]"
DISTRICT 2,2,51F,2-51F,FALSE,"[2,4,1,10,7,6,9,3,11,8,5,12]"
DISTRICT 2,2,51G,2-51G,FALSE,"[2,4,7,10,6,1,8,5,9,3,11,12]"
DISTRICT 2,2,51I,2-51I,FALSE,"[2,4,7,10,6,1,9,8,5,3,11,12]"
DISTRICT 2,2,52F,2-52F,FALSE,"[2,1,4,10,7,6,8,5,9,3,11,12]"
DISTRICT 2,2,52G,2-52G,FALSE,"[2,1,10,7,6,4,8,5,3,9,11,12]"
DISTRICT 2,2,52I,2-52I,FALSE,"[2,1,4,10,7,6,8,5,9,3,11,12]"
DISTRICT 2,2,52J,2-52J,FALSE,"[2,1,10,6,7,4,8,5,3,9,11,12]"
DISTRICT 2,2,52K,2-52K,FALSE,"[2,1,10,6,8,5,7,4,3,9,11,12]"
DISTRICT 2,2,52L,2-52L,FALSE,"[2,1,4,10,6,8,7,5,3,9,11,12]"
DISTRICT 2,2,57D,2-57D,FALSE,"[2,4,9,1,3,10,11,8,7,6,5,12]"
DISTRICT 2,2,57J,2-57J,FALSE,"[2,4,1,9,3,11,10,8,6,7,5,12]"
DISTRICT 2,2,57K,2-57K,FALSE,"[2,1,4,10,7,6,3,8,11,9,5,12]"
DISTRICT 2,2,57L,2-57L,FALSE,"[2,4,1,10,7,6,9,3,8,11,5,12]"
DISTRICT 2,2,57N,2-57N,FALSE,"[2,4,9,1,3,11,10,7,6,8,5,12]"
DISTRICT 2,2,57P,2-57P,FALSE,"[2,1,4,10,7,6,8,5,9,3,11,12]"
DISTRICT 2,2,57Q,2-57Q,FALSE,"[2,4,1,10,7,6,9,3,11,8,5,12]"
DISTRICT 2,2,57R,2-57R,FALSE,"[2,4,1,9,10,7,6,3,11,8,5,12]"
DISTRICT 2,2,57T,2-57T,FALSE,"[2,4,9,3,11,1,8,10,7,6,5,12]"
DISTRICT 2,2,57U,2-57U,FALSE,"[2,4,1,10,7,6,9,3,11,8,5,12]"
DISTRICT 2,2,57X,2-57X,FALSE,"[2,4,9,3,11,1,10,7,6,8,5,12]"
DISTRICT 2,2,57Y,2-57Y,FALSE,"[2,4,3,9,11,1,8,10,7,6,5,12]"
DISTRICT 2,2,58M,2-58M,FALSE,"[2,4,3,11,12,9,1,8,10,7,6,5]"
DISTRICT 2,2,58N,2-58N,FALSE,"[2,4,9,3,11,1,10,7,6,8,5,12]"
DISTRICT 2,2,58O,2-58O,FALSE,"[2,4,9,3,11,1,10,7,6,8,5,12]"
DISTRICT 2,2,58P,2-58P,FALSE,"[2,4,9,3,11,1,10,7,6,8,5,12]"
DISTRICT 2,2,58Q,2-58Q,FALSE,"[2,9,4,3,11,1,10,7,6,8,5,12]"
DISTRICT 2,2,58R,2-58R,FALSE,"[2,4,9,3,11,1,10,7,6,8,5,12]"
DISTRICT 2,2,59A,2-59A,FALSE,"[2,9,4,3,11,10,7,6,1,8,5,12]"
DISTRICT 2,2,59B,2-59B,FALSE,"[2,9,4,3,11,7,10,6,1,8,5,12]"
DISTRICT 2,2,59C,2-59C,FALSE,"[2,9,4,3,11,7,10,6,1,8,5,12]"
DISTRICT 2,2,59D,2-59D,FALSE,"[2,9,4,3,11,10,7,1,6,8,5,12]"
DISTRICT 2,2,59E,2-59E,FALSE,"[2,9,4,3,11,7,10,6,1,8,5,12]"
DISTRICT 2,2,59F,2-59F,FALSE,"[2,9,4,3,11,1,10,7,6,8,5,12]"
DISTRICT 2,2,59G,2-59G,FALSE,"[2,9,4,3,11,7,10,6,1,8,5,12]"
DISTRICT 2,2,59H,2-59H,TRUE,"[2,9,4,3,11,7,10,6,1,8,5,12]"
DISTRICT 3,3,1,3-1,TRUE,"[3,11,12,4,9,2,1,8,10,6,7,5]"
DISTRICT 3,3,2,3-2,TRUE,"[3,11,12,4,9,2,1,8,10,7,6,5]"
DISTRICT 3,3,3,3-3,FALSE,"[3,11,12,4,9,2,1,8,10,6,7,5]"
DISTRICT 3,3,4,3-4,TRUE,"[3,11,12,9,4,2,1,10,8,7,6,5]"
DISTRICT 3,3,5,3-5,TRUE,"[3,11,12,4,9,2,1,8,10,6,7,5]"
DISTRICT 3,3,6,3-6,TRUE,"[3,11,9,12,2,4,1,8,10,7,6,5]"
DISTRICT 3,3,7,3-7,FALSE,"[3,11,12,4,9,2,1,8,10,6,7,5]"
DISTRICT 3,3,8,3-8,TRUE,"[3,11,12,4,9,2,1,8,10,7,6,5]"
DISTRICT 3,3,9,3-9,FALSE,"[3,11,12,4,9,1,2,8,10,6,7,5]"
DISTRICT 3,3,10,3-10,TRUE,"[3,11,12,9,4,2,1,10,8,7,6,5]"
DISTRICT 3,3,11,3-11,FALSE,"[3,11,12,4,9,1,2,8,10,6,7,5]"
DISTRICT 3,3,12,3-12,FALSE,"[3,11,9,12,2,4,1,8,10,7,6,5]"
DISTRICT 3,3,13,3-13,FALSE,"[3,11,12,4,9,1,2,8,10,6,7,5]"
DISTRICT 3,3,14,3-14,FALSE,"[3,11,9,12,2,4,1,10,7,8,6,5]"
DISTRICT 3,3,16,3-16,FALSE,"[3,11,9,12,2,4,1,10,7,8,6,5]"
DISTRICT 3,3,18,3-18,FALSE,"[3,11,12,9,2,4,1,10,7,8,6,5]"
DISTRICT 3,3,20,3-20,FALSE,"[3,11,9,12,2,4,1,10,7,6,8,5]"
DISTRICT 3,3,22,3-22,FALSE,"[3,11,9,12,2,4,1,10,7,6,8,5]"
DISTRICT 3,3,24,3-24,FALSE,"[3,11,9,12,2,4,10,7,6,1,8,5]"
DISTRICT 3,3,60,3-60,FALSE,"[3,11,12,4,1,8,2,9,10,6,7,5]"
DISTRICT 3,3,71,3-71,FALSE,"[3,11,12,9,2,4,1,10,7,8,6,5]"
DISTRICT 3,3,81,3-81,FALSE,"[3,11,2,9,4,1,10,7,6,8,5,12]"
DISTRICT 3,3,82,3-82,FALSE,"[3,11,2,9,4,1,10,7,6,8,5,12]"
DISTRICT 3,3,83,3-83,FALSE,"[3,11,12,4,1,8,2,9,10,6,7,5]"
DISTRICT 3,3,122,3-122,FALSE,"[3,11,12,4,1,8,9,2,10,6,7,5]"
DISTRICT 3,3,123,3-123,FALSE,"[3,11,12,4,9,1,8,2,10,6,7,5]"
DISTRICT 3,3,124,3-124,FALSE,"[3,11,12,4,9,1,8,2,10,6,7,5]"
DISTRICT 3,3,127,3-127,FALSE,"[3,11,12,4,9,2,1,8,10,6,7,5]"
DISTRICT 3,3,128,3-128,FALSE,"[3,11,12,4,9,2,1,8,10,6,7,5]"
DISTRICT 3,3,129,3-129,FALSE,"[3,11,12,4,9,2,1,8,10,6,7,5]"
DISTRICT 3,3,130,3-130,TRUE,"[3,11,12,4,9,2,1,8,10,6,7,5]"
DISTRICT 3,3,131,3-131,TRUE,"[3,11,9,12,4,2,1,10,8,7,6,5]"
DISTRICT 3,3,132,3-132,TRUE,"[3,11,9,12,4,2,1,10,8,7,6,5]"
DISTRICT 3,3,133,3-133,FALSE,"[3,11,9,12,2,4,1,8,10,7,6,5]"
DISTRICT 3,3,134,3-134,FALSE,"[3,11,9,12,2,4,1,8,10,7,6,5]"
DISTRICT 3,3,135,3-135,FALSE,"[3,11,9,12,2,4,10,7,6,1,8,5]"
DISTRICT 3,3,136,3-136,FALSE,"[3,11,9,12,2,4,10,7,6,1,8,5]"
DISTRICT 3,3,137,3-137,FALSE,"[3,11,9,12,2,4,10,7,6,1,8,5]"
DISTRICT 3,3,138,3-138,FALSE,"[3,11,9,12,2,4,10,7,6,1,8,5]"
DISTRICT 3,3,140,3-140,FALSE,"[3,11,9,12,2,4,10,7,6,1,8,5]"
DISTRICT 3,3,142,3-142,FALSE,"[3,11,9,12,2,4,10,7,6,1,8,5]"
DISTRICT 3,3,144,3-144,FALSE,"[3,11,9,12,2,4,10,7,6,1,8,5]"
DISTRICT 3,3,200,3-200,FALSE,"[3,11,9,12,2,4,10,7,6,1,8,5]"
DISTRICT 3,3,640,3-640,FALSE,"[3,11,9,12,2,4,7,10,1,6,5]"
DISTRICT 3,3,645,3-645,FALSE,"[3,12,11,4,1,8,2,9,10,6,7,5]"
DISTRICT 3,3,50A,3-50A,FALSE,"[3,11,12,4,9,1,2,8,10,6,7,5]"
DISTRICT 3,3,50B,3-50B,FALSE,"[3,11,12,4,9,1,2,8,10,6,7,5]"
DISTRICT 3,3,50C,3-50C,FALSE,"[3,11,12,4,9,2,1,8,10,6,7,5]"
DISTRICT 3,3,50D,3-50D,FALSE,"[3,11,12,4,2,9,1,8,10,6,7,5]"
DISTRICT 3,3,50E,3-50E,FALSE,"[3,11,12,4,9,2,1,8,10,6,7,5]"
DISTRICT 3,3,50F,3-50F,FALSE,"[3,11,12,9,4,2,1,10,8,7,6,5]"
DISTRICT 3,3,50G,3-50G,FALSE,"[3,11,12,9,2,4,1,10,7,6,8,5]"
DISTRICT 3,3,50M,3-50M,FALSE,"[3,11,9,12,2,4,10,7,6,1,8,5]"
DISTRICT 4,4,10,4-10,FALSE,"[4,3,2,11,1,8,10,6,7,5,9,12]"
DISTRICT 4,4,13,4-13,FALSE,"[4,3,11,1,8,2,10,6,7,5,9,12]"
DISTRICT 4,4,14,4-14,FALSE,"[4,3,11,1,8,2,10,6,7,5,9,12]"
DISTRICT 4,4,18,4-18,TRUE,"[4,1,8,2,10,6,3,7,5,11,9,12]"
DISTRICT 4,4,19,4-19,FALSE,"[4,3,11,1,8,2,9,10,6,7,5,12]"
DISTRICT 4,4,20,4-20,FALSE,"[4,1,8,3,11,10,6,7,5,2,9,12]"
DISTRICT 4,4,21,4-21,FALSE,"[4,3,11,1,8,2,9,10,6,7,5,12]"
DISTRICT 4,4,30,4-30,FALSE,"[4,3,11,1,8,2,9,10,6,7,5,12]"
DISTRICT 4,4,60,4-60,FALSE,"[4,1,8,2,10,6,3,7,5,11,9,12]"
DISTRICT 4,4,61,4-61,FALSE,"[4,1,3,11,8,10,6,7,5,2,9,12]"
DISTRICT 4,4,62,4-62,FALSE,"[4,3,11,1,8,2,10,6,7,5,9,12]"
DISTRICT 4,4,80,4-80,FALSE,"[4,2,3,11,1,8,9,10,6,7,5,12]"
DISTRICT 4,4,81,4-81,FALSE,"[4,2,3,11,1,8,10,6,9,7,5,12]"
DISTRICT 4,4,82,4-82,FALSE,"[4,2,3,11,1,8,10,6,9,7,5,12]"
DISTRICT 4,4,83,4-83,FALSE,"[4,1,2,3,11,8,10,5,6,7,9,12]"
DISTRICT 4,4,84,4-84,FALSE,"[4,2,3,11,1,9,8,10,6,7,5,12]"
DISTRICT 4,4,85,4-85,FALSE,"[4,2,3,11,1,9,8,10,6,7,5,12]"
DISTRICT 4,4,86,4-86,FALSE,"[4,2,3,11,1,9,8,10,7,6,5,12]"
DISTRICT 4,4,91,4-91,FALSE,"[4,3,11,1,8,2,10,6,7,5,9,12]"
DISTRICT 4,4,92,4-92,FALSE,"[4,2,3,11,1,9,8,10,7,6,5,12]"
DISTRICT 4,4,105,4-105,TRUE,"[4,1,8,3,11,10,6,7,5,9,2,12]"
DISTRICT 4,4,106,4-106,TRUE,"[4,1,8,3,11,10,6,7,5,9,2,12]"
DISTRICT 4,4,108,4-108,FALSE,"[4,1,8,3,11,10,6,7,5,9,2,12]"
DISTRICT 4,4,109,4-109,FALSE,"[4,1,3,11,8,10,6,9,7,5,2,12]"
DISTRICT 4,4,110,4-110,FALSE,"[4,1,3,11,8,10,6,9,7,5,2,12]"
DISTRICT 4,4,111,4-111,FALSE,"[4,3,11,1,8,9,10,6,7,5,2,12]"
DISTRICT 4,4,112,4-112,FALSE,"[4,3,11,1,8,9,10,6,7,5,2,12]"
DISTRICT 4,4,113,4-113,FALSE,"[4,3,11,1,8,9,10,6,7,5,2,12]"
DISTRICT 4,4,114,4-114,FALSE,"[4,3,11,1,8,9,10,6,7,5,2,12]"
DISTRICT 4,4,115,4-115,FALSE,"[4,3,11,1,8,9,10,6,7,5,2,12]"
DISTRICT 4,4,116,4-116,FALSE,"[4,3,11,1,8,9,10,6,7,5,2,12]"
DISTRICT 4,4,117,4-117,FALSE,"[4,3,11,1,8,9,10,6,7,5,2,12]"
DISTRICT 4,4,118,4-118,FALSE,"[4,3,11,1,8,9,10,6,7,2,5,12]"
DISTRICT 4,4,119,4-119,FALSE,"[4,3,11,1,8,9,10,6,2,7,5,12]"
DISTRICT 4,4,120,4-120,FALSE,"[4,3,11,1,8,9,2,10,6,7,5,12]"
DISTRICT 4,4,121,4-121,FALSE,"[4,3,11,1,8,9,2,10,6,7,5,12]"
DISTRICT 4,4,400,4-400,TRUE,"[4,3,2,11,1,8,9,10,6,7,5,12]"
DISTRICT 4,4,460,4-460,TRUE,"[4,3,2,11,1,8,9,10,6,7,5,12]"
DISTRICT 4,4,461,4-461,FALSE,"[4,2,3,11,1,8,9,10,6,7,5,12]"
DISTRICT 4,4,470,4-470,TRUE,"[4,3,11,1,8,2,10,6,7,5,9,12]"
DISTRICT 4,4,471,4-471,TRUE,"[4,3,11,1,8,2,10,6,7,5,9,12]"
DISTRICT 4,4,472,4-472,FALSE,"[4,3,11,1,8,2,10,6,7,5,9,12]"
DISTRICT 4,4,480,4-480,TRUE,"[4,3,11,1,8,2,10,6,7,5,9,12]"
DISTRICT 4,4,481,4-481,TRUE,"[4,3,2,11,1,8,10,6,7,5,9,12]"
DISTRICT 4,4,482,4-482,TRUE,"[4,3,11,1,8,2,10,6,7,5,9,12]"
DISTRICT 4,4,483,4-483,TRUE,"[4,3,2,11,1,8,10,6,7,9,5,12]"
DISTRICT 4,4,490,4-490,TRUE,"[4,3,2,11,1,8,9,10,6,7,5,12]"
DISTRICT 4,4,491,4-491,TRUE,"[4,3,2,11,1,8,9,10,6,7,5,12]"
DISTRICT 4,4,50P,4-50P,FALSE,"[4,1,8,2,10,6,3,7,5,11,9,12]"
DISTRICT 4,4,53A,4-53A,FALSE,"[4,2,1,8,10,5,6,7,11,3,9,12]"
DISTRICT 4,4,53B,4-53B,FALSE,"[4,2,1,8,10,5,6,7,11,3,9,12]"
DISTRICT 4,4,53D,4-53D,FALSE,"[4,1,2,9,10,6,8,5,7,3,11,12]"
DISTRICT 4,4,53E,4-53E,FALSE,"[4,2,1,8,10,6,5,11,7,3,9,12]"
DISTRICT 4,4,54A,4-54A,FALSE,"[4,1,8,2,10,5,6,3,7,11,9,12]"
DISTRICT 4,4,54B,4-54B,FALSE,"[4,1,8,2,10,5,6,7,3,11,9,12]"
DISTRICT 4,4,54C,4-54C,FALSE,"[4,1,8,3,11,10,2,5,6,7,9,12]"
DISTRICT 4,4,54D,4-54D,FALSE,"[4,2,1,8,11,5,10,3,6,7,9,12]"
DISTRICT 4,4,54E,4-54E,FALSE,"[4,2,1,8,11,3,10,5,6,7,9,12]"
DISTRICT 4,4,54G,4-54G,FALSE,"[4,3,11,1,2,8,10,6,5,7,9,12]"
DISTRICT 4,4,54H,4-54H,FALSE,"[4,1,8,3,11,10,6,7,5,2,9,12]"
DISTRICT 4,4,55A,4-55A,FALSE,"[4,1,8,3,11,10,6,7,5,2,9,12]"
DISTRICT 4,4,55C,4-55C,FALSE,"[4,3,11,1,8,2,10,6,7,5,9,12]"
DISTRICT 4,4,55E,4-55E,FALSE,"[4,1,3,11,8,10,6,7,2,5,9,12]"
DISTRICT 4,4,55F,4-55F,FALSE,"[4,3,11,1,8,2,10,6,7,5,9,12]"
DISTRICT 4,4,56A,4-56A,TRUE,"[4,3,11,1,2,8,10,6,7,5,9,12]"
DISTRICT 4,4,56B,4-56B,FALSE,"[4,3,2,11,1,8,10,6,7,5,9,12]"
DISTRICT 4,4,56C,4-56C,FALSE,"[4,2,3,11,1,8,9,10,6,7,5,12]"
DISTRICT 4,4,56D,4-56D,FALSE,"[4,3,11,1,8,2,10,6,7,5,9,12]"
DISTRICT 4,4,56E,4-56E,FALSE,"[4,2,3,11,1,8,9,10,6,7,5,12]"
DISTRICT 4,4,57A,4-57A,FALSE,"[4,2,3,11,1,9,8,10,7,6,5,12]"
DISTRICT 4,4,57B,4-57B,FALSE,"[4,2,3,11,1,8,9,10,6,7,5,12]"
DISTRICT 4,4,57E,4-57E,FALSE,"[4,2,1,3,11,8,10,5,6,7,9,12]"
DISTRICT 4,4,57F,4-57F,FALSE,"[4,2,1,3,11,8,10,6,9,5,7,12]"
DISTRICT 4,4,57G,4-57G,FALSE,"[4,1,2,9,10,3,6,7,8,11,5,12]"
DISTRICT 4,4,57H,4-57H,FALSE,"[4,2,1,9,3,11,10,8,6,5,7,12]"
DISTRICT 4,4,57I,4-57I,FALSE,"[4,2,1,9,3,11,10,8,6,7,5,12]"
DISTRICT 4,4,58A,4-58A,FALSE,"[4,3,11,1,8,2,9,10,6,7,5,12]"
DISTRICT 4,4,58D,4-58D,FALSE,"[4,3,11,1,2,8,9,10,6,7,5,12]"
DISTRICT 4,4,58J,4-58J,FALSE,"[4,2,3,11,1,8,9,10,6,7,5,12]"
DISTRICT 4,4,58K,4-58K,FALSE,"[4,2,3,11,12,9,1,8,10,6,7,5]"
DISTRICT 4,4,58L,4-58L,FALSE,"[4,2,3,11,1,9,8,10,7,6,5,12]"
DISTRICT 4,4,58P,4-58P,FALSE,"[4,2,3,11,1,9,8,10,7,6,5,12]"
DISTRICT 5,5,1,5-1,TRUE,"[5,8,6,10,1,7,4,2,3,9,11,12]"
DISTRICT 5,5,10,5-10,TRUE,"[5,6,8,10,1,7,2,9,4,3,11,12]"
DISTRICT 5,5,11,5-11,TRUE,"[5,6,8,10,1,7,4,2,3,9,11,12]"
DISTRICT 5,5,14,5-14,TRUE,"[5,6,8,10,1,7,2,9,4,3,11,12]"
DISTRICT 5,5,24,5-24,TRUE,"[5,6,10,1,8,7,4,2,3,9,11,12]"
DISTRICT 5,5,25,5-25,TRUE,"[5,6,10,7,1,8,2,9,4,3,11,12]"
DISTRICT 5,5,26,5-26,TRUE,"[5,6,8,10,1,7,2,9,4,3,11,12]"
DISTRICT 5,5,42,5-42,TRUE,"[5,6,10,1,8,7,4,2,3,9,11,12]"
DISTRICT 5,5,60,5-60,FALSE,"[5,6,10,1,8,7,4,2,3,9,11,12]"
DISTRICT 5,5,61,5-61,FALSE,"[5,6,10,1,8,7,4,2,3,9,11,12]"
DISTRICT 5,5,62,5-62,FALSE,"[5,8,6,10,1,7,4,2,3,9,11,12]"
DISTRICT 5,5,100,5-100,FALSE,"[5,6,8,10,1,7,4,9,3,2,11,12]"
DISTRICT 5,5,102,5-102,FALSE,"[5,6,8,10,1,7,4,9,3,2,11,12]"
DISTRICT 5,5,104,5-104,FALSE,"[5,6,10,7,1,8,9,4,3,2,11,12]"
DISTRICT 5,5,205,5-205,FALSE,"[5,6,10,1,8,7,4,9,3,2,11,12]"
DISTRICT 5,5,400,5-400,TRUE,"[5,6,10,1,8,7,4,2,3,9,11,12]"
DISTRICT 5,5,401,5-401,TRUE,"[5,8,6,10,1,7,4,2,3,9,11,12]"
DISTRICT 5,5,402,5-402,TRUE,"[5,6,8,10,1,7,4,2,3,9,11,12]"
DISTRICT 5,5,403,5-403,TRUE,"[5,6,10,1,8,7,4,2,3,9,11,12]"
DISTRICT 5,5,404,5-404,TRUE,"[5,6,10,1,8,7,4,2,3,9,11,12]"
DISTRICT 5,5,499,5-499,TRUE,"[5,6,8,10,1,7,4,2,3,9,11,12]"
DISTRICT 5,5,399A,5-399A,FALSE,"[5,6,10,1,8,7,2,9,4,3,11,12]"
DISTRICT 5,5,399B,5-399B,FALSE,"[5,6,10,1,8,7,4,2,3,9,11,12]"
DISTRICT 5,5,399C,5-399C,FALSE,"[5,6,8,10,1,7,4,2,3,9,11,12]"
DISTRICT 5,5,399D,5-399D,FALSE,"[5,6,8,10,1,7,4,2,3,9,11,12]"
DISTRICT 5,5,399E,5-399E,FALSE,"[5,6,10,1,8,7,4,2,3,9,11,12]"
DISTRICT 5,5,399F,5-399F,FALSE,"[5,6,10,1,8,7,4,2,3,9,11,12]"
DISTRICT 5,5,399H,5-399H,FALSE,"[5,6,10,1,8,7,2,9,4,3,11,12]"
DISTRICT 5,5,42A,5-42A,TRUE,"[5,6,10,1,8,7,4,2,3,9,11,12]"
DISTRICT 5,5,42B,5-42B,TRUE,"[5,6,10,1,8,7,4,2,3,9,11,12]"
DISTRICT 6,6,1,6-1,TRUE,"[6,10,7,5,1,8,2,9,4,3,11,12]"
DISTRICT 6,6,2,6-2,TRUE,"[6,10,7,1,5,8,2,9,4,3,11,12]"
DISTRICT 6,6,3,6-3,TRUE,"[6,5,10,7,1,8,2,9,4,3,11,12]"
DISTRICT 6,6,4,6-4,TRUE,"[6,10,7,1,5,8,2,9,4,3,11,12]"
DISTRICT 6,6,5,6-5,TRUE,"[6,5,10,7,1,8,2,9,4,3,11,12]"
DISTRICT 6,6,6,6-6,TRUE,"[6,10,7,1,5,8,2,9,4,3,11,12]"
DISTRICT 6,6,7,6-7,TRUE,"[6,5,10,7,8,1,2,9,4,3,11,12]"
DISTRICT 6,6,8,6-8,TRUE,"[6,5,10,7,8,1,2,9,4,3,11,12]"
DISTRICT 6,6,9,6-9,TRUE,"[6,5,10,7,1,8,2,9,4,3,11,12]"
DISTRICT 6,6,10,6-10,TRUE,"[6,7,5,10,1,8,2,9,4,3,11,12]"
DISTRICT 6,6,11,6-11,TRUE,"[6,5,10,7,8,1,2,9,4,3,11,12]"
DISTRICT 6,6,12,6-12,TRUE,"[6,10,7,5,1,8,2,9,4,3,11,12]"
DISTRICT 6,6,13,6-13,TRUE,"[6,5,8,10,7,1,2,9,4,3,11,12]"
DISTRICT 6,6,14,6-14,TRUE,"[6,10,7,5,1,8,2,9,4,3,11,12]"
DISTRICT 6,6,15,6-15,TRUE,"[6,5,10,1,8,7,4,2,3,9,11,12]"
DISTRICT 6,6,17,6-17,TRUE,"[6,10,1,5,8,7,2,9,4,3,11,12]"
DISTRICT 6,6,19,6-19,TRUE,"[6,10,7,5,1,8,2,9,4,3,11,12]"
DISTRICT 6,6,30,6-30,TRUE,"[6,5,10,7,8,1,2,9,4,3,11,12]"
DISTRICT 6,6,31,6-31,TRUE,"[6,5,10,7,8,1,2,9,4,3,11,12]"
DISTRICT 6,6,32,6-32,TRUE,"[6,5,10,7,1,8,2,9,4,3,11,12]"
DISTRICT 6,6,42,6-42,TRUE,"[6,5,10,1,8,7,4,2,3,9,11,12]"
DISTRICT 6,6,60,6-60,FALSE,"[6,10,7,5,1,8,2,9,4,3,11,12]"
DISTRICT 6,6,63,6-63,FALSE,"[6,10,7,5,1,8,2,9,4,3,11,12]"
DISTRICT 6,6,64,6-64,FALSE,"[6,10,7,5,1,8,2,9,4,3,11,12]"
DISTRICT 6,6,65,6-65,FALSE,"[6,10,7,5,1,8,2,9,4,3,11,12]"
DISTRICT 6,6,66,6-66,FALSE,"[6,10,7,5,1,8,2,9,4,3,11,12]"
DISTRICT 6,6,67,6-67,FALSE,"[6,10,7,5,1,8,2,9,4,3,11,12]"
DISTRICT 6,6,68,6-68,FALSE,"[6,10,7,5,1,8,2,9,4,3,11,12]"
DISTRICT 6,6,80,6-80,TRUE,"[6,7,5,10,1,8,2,9,4,3,11,12]"
DISTRICT 6,6,81,6-81,TRUE,"[6,5,10,7,8,1,2,9,4,3,11,12]"
DISTRICT 6,6,82,6-82,TRUE,"[6,5,10,7,8,1,2,9,4,3,11,12]"
DISTRICT 6,6,83,6-83,TRUE,"[6,5,1,8,2,10,7,11,9,3,4,12]"
DISTRICT 6,6,84,6-84,TRUE,"[6,5,8,10,1,7,2,9,4,3,11,12]"
DISTRICT 6,6,85,6-85,TRUE,"[6,10,7,5,1,8,2,9,4,3,11,12]"
DISTRICT 6,6,86,6-86,TRUE,"[6,10,7,1,5,8,2,9,4,3,11,12]"
DISTRICT 6,6,87,6-87,TRUE,"[6,10,7,1,5,8,2,9,4,3,11,12]"
DISTRICT 6,6,106,6-106,FALSE,"[6,5,10,7,8,1,9,4,3,2,11,12]"
DISTRICT 6,6,107,6-107,FALSE,"[6,5,10,1,8,7,4,9,3,2,11,12]"
DISTRICT 6,6,109,6-109,FALSE,"[6,5,10,7,8,1,9,4,3,2,11,12]"
DISTRICT 6,6,111,6-111,FALSE,"[6,5,10,7,1,8,9,4,3,2,11,12]"
DISTRICT 6,6,151,6-151,FALSE,"[6,10,7,1,5,8,9,4,2,3,11,12]"
DISTRICT 6,6,200,6-200,FALSE,"[6,5,10,7,1,8,9,4,3,2,11,12]"
DISTRICT 6,6,202,6-202,FALSE,"[6,5,10,7,1,8,4,9,3,2,11,12]"
DISTRICT 6,6,203,6-203,FALSE,"[6,5,10,1,8,7,4,9,3,2,11,12]"
DISTRICT 6,6,208,6-208,FALSE,"[6,5,10,1,8,7,4,9,3,2,11,12]"
DISTRICT 6,6,210,6-210,FALSE,"[6,5,10,7,1,8,9,4,3,2,11,12]"
DISTRICT 6,6,690,6-690,FALSE,"[6,10,7,5,1,8,2,9,4,3,11,12]"
DISTRICT 6,6,691,6-691,FALSE,"[6,10,7,5,1,8,2,9,4,3,11,12]"
DISTRICT 6,6,692,6-692,FALSE,"[6,10,7,5,1,8,2,9,4,3,11,12]"
DISTRICT 6,6,693,6-693,FALSE,"[6,10,7,5,1,8,2,9,4,3,11,12]"
DISTRICT 6,6,694,6-694,FALSE,"[6,10,7,5,1,8,2,9,4,3,11,12]"
DISTRICT 6,6,880,6-880,TRUE,"[6,10,7,1,5,8,2,9,4,3,11,12]"
DISTRICT 6,6,900,6-900,TRUE,"[6,10,7,5,1,8,2,9,4,3,11,12]"
DISTRICT 6,6,901,6-901,TRUE,"[6,10,7,5,1,8,2,9,4,3,11,12]"
DISTRICT 6,6,902,6-902,TRUE,"[6,10,7,5,1,8,2,9,4,3,11,12]"
DISTRICT 6,6,903,6-903,TRUE,"[6,10,7,5,1,8,2,9,4,3,11,12]"
DISTRICT 6,6,904,6-904,TRUE,"[6,10,7,5,1,8,2,9,4,3,11,12]"
DISTRICT 6,6,905,6-905,TRUE,"[6,10,7,5,1,8,2,9,4,3,11,12]"
DISTRICT 6,6,399A,6-399A,FALSE,"[6,5,10,7,8,1,2,9,4,3,11,12]"
DISTRICT 6,6,399B,6-399B,FALSE,"[6,5,10,7,8,1,2,9,4,3,11,12]"
DISTRICT 6,6,399C,6-399C,FALSE,"[6,5,10,1,8,7,4,2,3,9,11,12]"
DISTRICT 6,6,399D,6-399D,FALSE,"[6,5,10,1,7,8,4,2,3,9,11,12]"
DISTRICT 6,6,399E,6-399E,FALSE,"[6,5,10,7,8,1,2,9,4,3,11,12]"
DISTRICT 6,6,399F,6-399F,FALSE,"[6,5,10,1,8,7,4,2,3,9,11,12]"
DISTRICT 6,6,399G,6-399G,FALSE,"[6,5,8,10,1,7,4,2,3,9,11,12]"
DISTRICT 6,6,399J,6-399J,FALSE,"[6,5,10,7,8,1,2,9,4,3,11,12]"
DISTRICT 6,6,399P,6-399P,FALSE,"[6,5,10,1,7,8,2,9,4,3,11,12]"
DISTRICT 7,7,1,7-1,TRUE,"[7,6,10,1,5,8,2,9,4,3,11,12]"
DISTRICT 7,7,2,7-2,FALSE,"[7,10,6,1,8,5,2,9,4,3,11,12]"
DISTRICT 7,7,3,7-3,TRUE,"[7,10,6,1,8,5,2,9,4,3,11,12]"
DISTRICT 7,7,4,7-4,TRUE,"[7,1,10,6,8,5,2,9,4,3,11,12]"
DISTRICT 7,7,5,7-5,TRUE,"[7,1,10,6,8,5,2,9,4,3,11,12]"
DISTRICT 7,7,6,7-6,TRUE,"[7,1,10,6,8,5,2,9,4,3,11,12]"
DISTRICT 7,7,7,7-7,TRUE,"[7,1,10,6,2,8,5,9,4,3,11,12]"
DISTRICT 7,7,8,7-8,TRUE,"[7,1,10,6,2,8,5,9,4,3,11,12]"
DISTRICT 7,7,9,7-9,FALSE,"[7,10,6,1,2,8,5,9,4,3,11,12]"
DISTRICT 7,7,10,7-10,FALSE,"[7,5,6,10,1,8,2,9,4,3,11,12]"
DISTRICT 7,7,11,7-11,FALSE,"[7,6,10,1,5,8,2,9,4,3,11,12]"
DISTRICT 7,7,12,7-12,FALSE,"[7,10,6,1,2,5,8,9,4,3,11,12]"
DISTRICT 7,7,13,7-13,TRUE,"[7,6,10,1,5,8,2,9,4,3,11,12]"
DISTRICT 7,7,14,7-14,TRUE,"[7,6,10,5,1,8,2,9,4,3,11,12]"
DISTRICT 7,7,15,7-15,TRUE,"[7,6,10,1,5,8,2,9,4,3,11,12]"
DISTRICT 7,7,16,7-16,TRUE,"[7,6,10,1,5,8,2,9,4,3,11,12]"
DISTRICT 7,7,17,7-17,TRUE,"[7,6,10,1,5,8,2,9,4,3,11,12]"
DISTRICT 7,7,30,7-30,TRUE,"[7,10,6,1,2,5,8,9,4,3,11,12]"
DISTRICT 7,7,42,7-42,TRUE,"[7,6,10,1,5,8,2,9,4,3,11,12]"
DISTRICT 7,7,60,7-60,FALSE,"[7,6,10,2,1,5,9,8,4,3,11,12]"
DISTRICT 7,7,61,7-61,FALSE,"[7,6,10,2,1,5,8,9,4,3,11,12]"
DISTRICT 7,7,62,7-62,FALSE,"[7,6,10,5,1,8,2,9,4,3,11,12]"
DISTRICT 7,7,63,7-63,FALSE,"[7,6,10,5,1,8,2,9,4,3,11,12]"
DISTRICT 7,7,64,7-64,FALSE,"[7,6,10,5,1,8,2,9,4,3,11,12]"
DISTRICT 7,7,65,7-65,FALSE,"[7,6,10,5,1,2,8,9,4,3,11,12]"
DISTRICT 7,7,73,7-73,FALSE,"[7,10,6,2,1,5,8,9,4,3,11,12]"
DISTRICT 7,7,90,7-90,TRUE,"[7,10,6,1,8,5,2,9,4,3,11,12]"
DISTRICT 7,7,108,7-108,FALSE,"[7,10,6,1,8,5,9,4,2,3,11,12]"
DISTRICT 7,7,110,7-110,FALSE,"[7,6,10,1,5,8,9,4,2,3,11,12]"
DISTRICT 7,7,111,7-111,FALSE,"[7,1,10,6,9,8,5,4,2,3,11,12]"
DISTRICT 7,7,123,7-123,FALSE,"[7,6,10,1,5,8,9,4,2,3,11,12]"
DISTRICT 7,7,125,7-125,FALSE,"[7,6,10,1,5,8,9,4,2,3,11,12]"
DISTRICT 7,7,127,7-127,FALSE,"[7,6,10,1,5,8,9,4,2,3,11,12]"
DISTRICT 7,7,139,7-139,FALSE,"[7,6,10,1,5,8,9,4,2,3,11,12]"
DISTRICT 7,7,205,7-205,FALSE,"[7,10,6,1,5,9,8,4,2,3,11,12]"
DISTRICT 7,7,207,7-207,FALSE,"[7,6,10,1,5,8,9,4,2,3,11,12]"
DISTRICT 7,7,208,7-208,FALSE,"[7,10,6,9,1,5,8,4,2,3,11,12]"
DISTRICT 7,7,209,7-209,FALSE,"[7,6,10,1,5,8,9,4,2,3,11,12]"
DISTRICT 7,7,210,7-210,FALSE,"[7,10,6,9,1,5,8,4,2,3,11,12]"
DISTRICT 7,7,212,7-212,FALSE,"[7,5,6,10,1,8,9,4,2,3,11,12]"
DISTRICT 7,7,213,7-213,FALSE,"[7,6,10,1,5,8,9,4,2,3,11,12]"
DISTRICT 7,7,214,7-214,FALSE,"[7,6,10,1,5,8,9,4,2,3,11,12]"
DISTRICT 7,7,215,7-215,FALSE,"[7,6,10,1,5,8,9,4,2,3,11,12]"
DISTRICT 7,7,217,7-217,FALSE,"[7,6,10,1,5,8,9,4,2,3,11,12]"
DISTRICT 7,7,220,7-220,FALSE,"[7,10,6,9,1,5,8,4,2,3,11,12]"
DISTRICT 7,7,222,7-222,FALSE,"[7,10,6,1,8,5,9,4,2,3,11,12]"
DISTRICT 7,7,250,7-250,FALSE,"[7,10,6,1,8,5,9,4,2,3,11,12]"
DISTRICT 7,7,251,7-251,FALSE,"[7,6,10,1,5,8,9,4,2,3,11,12]"
DISTRICT 7,7,252,7-252,FALSE,"[7,10,6,1,8,5,9,4,2,3,11,12]"
DISTRICT 7,7,253,7-253,FALSE,"[7,6,10,1,5,8,9,4,2,3,11,12]"
DISTRICT 7,7,300,7-300,FALSE,"[7,1,10,6,8,5,9,4,2,3,11,12]"
DISTRICT 7,7,502,7-502,TRUE,"[7,10,6,2,1,5,8,9,4,3,11,12]"
DISTRICT 7,7,870,7-870,TRUE,"[7,6,10,1,5,8,2,9,4,3,11,12]"
DISTRICT 7,7,871,7-871,TRUE,"[7,6,10,1,5,8,2,9,4,3,11,12]"
DISTRICT 7,7,872,7-872,TRUE,"[7,6,10,1,5,8,2,9,4,3,11,12]"
DISTRICT 7,7,874,7-874,TRUE,"[7,6,10,1,5,8,2,9,4,3,11,12]"
DISTRICT 7,7,886,7-886,TRUE,"[7,1,10,6,8,5,2,9,4,3,11,12]"
DISTRICT 7,7,887,7-887,TRUE,"[7,1,10,6,8,5,2,9,4,3,11,12]"
DISTRICT 7,7,888,7-888,FALSE,"[7,1,10,6,8,5,2,9,4,3,11,12]"
DISTRICT 7,7,889,7-889,TRUE,"[7,1,10,6,8,5,2,9,4,3,11,12]"
DISTRICT 7,7,398A,7-398A,FALSE,"[7,10,6,1,2,8,5,9,4,3,11,12]"
DISTRICT 7,7,398C,7-398C,FALSE,"[7,10,6,2,1,5,8,9,4,3,11,12]"
DISTRICT 7,7,398D,7-398D,FALSE,"[7,10,6,1,2,5,8,9,4,3,11,12]"
DISTRICT 7,7,398E,7-398E,FALSE,"[7,6,10,1,5,8,2,9,4,3,11,12]"
DISTRICT 7,7,398F,7-398F,FALSE,"[7,10,6,1,5,2,8,9,4,3,11,12]"
DISTRICT 7,7,398G,7-398G,FALSE,"[7,10,6,2,1,5,8,9,4,3,11,12]"
DISTRICT 7,7,399F,7-399F,FALSE,"[7,6,10,1,5,8,2,9,4,3,11,12]"
DISTRICT 7,7,399G,7-399G,FALSE,"[7,1,10,6,8,5,2,9,4,3,11,12]"
DISTRICT 7,7,399H,7-399H,FALSE,"[7,5,6,10,1,8,2,9,4,3,11,12]"
DISTRICT 7,7,399J,7-399J,FALSE,"[7,6,10,1,5,8,2,9,4,3,11,12]"
DISTRICT 7,7,399K,7-399K,FALSE,"[7,6,10,1,5,8,2,9,4,3,11,12]"
DISTRICT 7,7,399L,7-399L,FALSE,"[7,1,10,6,8,5,2,9,4,3,11,12]"
DISTRICT 7,7,399M,7-399M,FALSE,"[7,6,10,1,5,8,2,9,4,3,11,12]"
DISTRICT 7,7,399N,7-399N,FALSE,"[7,6,10,1,5,8,2,9,4,3,11,12]"
DISTRICT 7,7,399P,7-399P,FALSE,"[7,10,6,1,5,2,8,9,4,3,11,12]"
DISTRICT 7,7,399Q,7-399Q,FALSE,"[7,6,10,1,5,8,2,9,4,3,11,12]"
DISTRICT 7,7,399R,7-399R,FALSE,"[7,10,6,2,1,5,8,9,4,3,11,12]"
DISTRICT 7,7,399S,7-399S,FALSE,"[7,10,6,2,1,5,8,9,4,3,11,12]"
DISTRICT 7,7,399T,7-399T,FALSE,"[7,10,6,1,5,8,2,9,4,3,11,12]"
DISTRICT 7,7,399U,7-399U,FALSE,"[7,10,6,1,8,5,2,9,4,3,11,12]"
DISTRICT 7,7,399V,7-399V,FALSE,"[7,6,10,1,5,8,2,9,4,3,11,12]"
DISTRICT 7,7,399W,7-399W,FALSE,"[7,6,10,1,5,8,2,9,4,3,11,12]"
DISTRICT 7,7,399X,7-399X,FALSE,"[7,6,10,1,5,8,2,9,4,3,11,12]"
DISTRICT 7,7,399Y,7-399Y,FALSE,"[7,6,10,1,5,8,2,9,4,3,11,12]"
DISTRICT 7,7,50A,7-50A,FALSE,"[7,10,6,1,2,8,5,9,4,3,11,12]"
DISTRICT 7,7,50B,7-50B,FALSE,"[7,10,6,1,5,2,8,9,4,3,11,12]"
DISTRICT 7,7,50C,7-50C,FALSE,"[7,10,6,1,2,5,8,9,4,3,11,12]"
DISTRICT 7,7,50E,7-50E,FALSE,"[7,10,6,1,2,8,5,9,4,3,11,12]"
DISTRICT 7,7,50F,7-50F,FALSE,"[7,2,10,6,1,9,4,5,8,3,11,12]"
DISTRICT 7,7,50G,7-50G,FALSE,"[7,10,6,1,2,8,5,9,4,3,11,12]"
DISTRICT 7,7,50H,7-50H,FALSE,"[7,1,10,6,2,8,5,9,4,3,11,12]"
DISTRICT 7,7,50I,7-50I,FALSE,"[7,10,6,1,2,8,5,9,4,3,11,12]"
DISTRICT 7,7,51A,7-51A,FALSE,"[7,10,6,1,8,5,2,9,4,3,11,12]"
DISTRICT 7,7,51B,7-51B,FALSE,"[7,6,10,1,5,8,2,9,4,3,11,12]"
DISTRICT 7,7,51C,7-51C,FALSE,"[7,10,6,1,2,5,8,9,4,3,11,12]"
DISTRICT 7,7,51D,7-51D,FALSE,"[7,6,10,5,1,2,8,9,4,3,11,12]"
DISTRICT 7,7,51E,7-51E,FALSE,"[7,6,10,5,1,8,2,9,4,3,11,12]"
DISTRICT 7,7,51F,7-51F,FALSE,"[7,10,6,2,1,5,8,9,4,3,11,12]"
DISTRICT 8,8,1,8-1,TRUE,"[8,5,10,1,6,7,4,2,3,9,11,12]"
DISTRICT 8,8,2,8-2,TRUE,"[8,5,10,1,6,7,4,2,3,9,11,12]"
DISTRICT 8,8,4,8-4,TRUE,"[8,10,1,5,6,7,4,2,3,9,11,12]"
DISTRICT 8,8,5,8-5,TRUE,"[8,10,1,5,6,7,4,2,3,9,11,12]"
DISTRICT 8,8,6,8-6,TRUE,"[8,10,1,5,6,7,4,2,3,9,11,12]"
DISTRICT 8,8,7,8-7,FALSE,"[8,5,1,6,10,7,4,3,2,9,11,12]"
DISTRICT 8,8,8,8-8,TRUE,"[8,10,1,5,6,7,4,3,2,9,11,12]"
DISTRICT 8,8,9,8-9,FALSE,"[8,10,1,5,6,7,4,3,2,9,11,12]"
DISTRICT 8,8,10,8-10,TRUE,"[8,1,10,6,7,5,4,3,2,9,11,12]"
DISTRICT 8,8,11,8-11,FALSE,"[8,1,10,6,5,7,4,3,2,9,11,12]"
DISTRICT 8,8,12,8-12,FALSE,"[8,1,10,6,7,5,4,3,2,9,11,12]"
DISTRICT 8,8,13,8-13,FALSE,"[8,1,10,6,7,5,4,3,2,9,11,12]"
DISTRICT 8,8,15,8-15,TRUE,"[8,10,1,5,6,7,4,2,3,9,11,12]"
DISTRICT 8,8,16,8-16,TRUE,"[8,5,10,1,6,7,4,2,3,9,11,12]"
DISTRICT 8,8,17,8-17,TRUE,"[8,5,6,10,1,7,4,2,3,9,11,12]"
DISTRICT 8,8,18,8-18,TRUE,"[8,10,1,5,6,7,4,2,3,9,11,12]"
DISTRICT 8,8,19,8-19,TRUE,"[8,10,1,5,6,7,4,2,3,9,11,12]"
DISTRICT 8,8,20,8-20,TRUE,"[8,10,1,5,6,7,4,2,3,9,11,12]"
DISTRICT 8,8,21,8-21,TRUE,"[8,1,10,6,7,5,4,2,3,9,11,12]"
DISTRICT 8,8,22,8-22,TRUE,"[8,1,10,6,4,7,5,3,2,9,11,12]"
DISTRICT 8,8,23,8-23,TRUE,"[8,1,10,4,6,7,5,3,2,9,11,12]"
DISTRICT 8,8,24,8-24,FALSE,"[8,1,10,4,6,7,5,3,2,9,11,12]"
DISTRICT 8,8,25,8-25,FALSE,"[8,4,1,10,6,3,7,5,2,9,11,12]"
DISTRICT 8,8,26,8-26,TRUE,"[8,1,10,4,6,7,5,3,2,9,11,12]"
DISTRICT 8,8,27,8-27,TRUE,"[8,1,10,6,7,5,4,3,2,9,11,12]"
DISTRICT 8,8,28,8-28,TRUE,"[8,4,1,10,6,3,7,5,2,9,11,12]"
DISTRICT 8,8,29,8-29,FALSE,"[8,1,10,6,5,7,4,3,2,9,11,12]"
DISTRICT 8,8,30,8-30,TRUE,"[8,1,10,5,6,7,4,3,2,9,11,12]"
DISTRICT 8,8,31,8-31,TRUE,"[8,1,10,5,6,7,4,2,3,9,11,12]"
DISTRICT 8,8,32,8-32,TRUE,"[8,1,10,5,6,7,4,2,3,9,11,12]"
DISTRICT 8,8,42,8-42,TRUE,"[8,1,10,6,7,5,4,3,2,9,11,12]"
DISTRICT 8,8,60,8-60,FALSE,"[8,1,10,5,6,7,4,2,3,9,11,12]"
DISTRICT 8,8,61,8-61,FALSE,"[8,10,1,5,6,7,4,3,2,9,11,12]"
DISTRICT 8,8,62,8-62,FALSE,"[8,1,10,6,4,5,7,3,2,9,11,12]"
DISTRICT 8,8,63,8-63,FALSE,"[8,1,4,10,6,3,7,5,2,9,11,12]"
DISTRICT 8,8,84,8-84,TRUE,"[8,5,10,1,6,7,4,2,3,9,11,12]"
DISTRICT 8,8,100,8-100,TRUE,"[8,1,10,6,7,4,5,3,9,2,11,12]"
DISTRICT 8,8,101,8-101,FALSE,"[8,1,10,6,7,5,4,9,3,2,11,12]"
DISTRICT 8,8,102,8-102,FALSE,"[8,1,10,6,4,7,5,3,11,9,12,2]"
DISTRICT 8,8,103,8-103,TRUE,"[8,4,1,10,6,3,7,5,9,2,11,12]"
DISTRICT 8,8,104,8-104,FALSE,"[8,10,1,5,6,7,4,9,3,2,11,12]"
DISTRICT 8,8,197,8-197,TRUE,"[8,1,10,6,7,5,4,3,9,2,11,12]"
DISTRICT 8,8,198,8-198,FALSE,"[8,1,10,6,7,5,4,3,9,2,11,12]"
DISTRICT 8,8,15A,8-15A,TRUE,"[8,5,10,1,6,7,4,9,3,2,11,12]"
DISTRICT 8,8,15B,8-15B,TRUE,"[8,5,6,10,1,7,4,9,3,2,11,12]"
DISTRICT 8,8,399A,8-399A,FALSE,"[8,10,1,5,6,7,4,2,3,9,11,12]"
DISTRICT 8,8,399B,8-399B,FALSE,"[8,10,1,5,6,7,4,2,3,9,11,12]"
DISTRICT 8,8,399C,8-399C,FALSE,"[8,1,10,6,7,5,4,3,2,9,11,12]"
DISTRICT 8,8,399D,8-399D,TRUE,"[8,10,1,5,6,7,4,3,2,9,11,12]"
DISTRICT 8,8,399E,8-399E,FALSE,"[8,10,1,5,6,7,4,2,3,9,11,12]"
DISTRICT 8,8,3A,8-3A,TRUE,"[8,5,10,1,6,7,4,2,3,9,11,12]"
DISTRICT 8,8,3B,8-3B,TRUE,"[8,10,1,5,6,7,4,2,3,9,11,12]"
DISTRICT 8,8,50K,8-50K,FALSE,"[8,1,10,6,7,5,4,3,2,9,11,12]"
DISTRICT 8,8,80A,8-80A,TRUE,"[8,5,10,1,6,7,4,2,3,9,11,12]"
DISTRICT 8,8,80B,8-80B,TRUE,"[8,5,10,1,6,7,4,2,3,9,11,12]"
DISTRICT 8,8,80C,8-80C,TRUE,"[8,5,10,1,6,7,4,2,3,9,11,12]"
DISTRICT 8,8,80D,8-80D,TRUE,"[8,5,10,1,6,7,4,2,3,9,11,12]"
DISTRICT 8,8,81A,8-81A,TRUE,"[8,10,1,5,6,7,4,2,3,9,11,12]"
DISTRICT 8,8,81B,8-81B,TRUE,"[8,10,1,5,6,7,4,2,3,9,11,12]"
DISTRICT 8,8,81C,8-81C,TRUE,"[8,10,1,5,6,7,4,2,3,9,11,12]"
DISTRICT 8,8,81D,8-81D,TRUE,"[8,10,1,5,6,7,4,2,3,9,11,12]"
DISTRICT 8,8,82A,8-82A,TRUE,"[8,10,1,5,6,7,4,2,3,9,11,12]"
DISTRICT 8,8,82B,8-82B,TRUE,"[8,10,1,5,6,7,4,2,3,9,11,12]"
DISTRICT 8,8,82C,8-82C,TRUE,"[8,10,1,5,6,7,4,2,3,9,11,12]"
DISTRICT 8,8,82D,8-82D,TRUE,"[8,10,1,5,6,7,4,2,3,9,11,12]"
DISTRICT 8,8,83A,8-83A,TRUE,"[8,10,1,5,6,7,4,2,3,9,11,12]"
DISTRICT 9,9,1,9-1,TRUE,"[9,2,4,3,11,10,7,6,1,8,5,12]"
DISTRICT 9,9,2,9-2,FALSE,"[9,3,11,2,4,10,7,6,1,8,5,12]"
DISTRICT 9,9,3,9-3,FALSE,"[9,2,3,11,12,4,10,7,6,1,8,5]"
DISTRICT 9,9,4,9-4,FALSE,"[9,2,3,11,12,4,10,7,6,1,8,5]"
DISTRICT 9,9,5,9-5,FALSE,"[9,2,4,3,11,7,10,6,1,8,5,12]"
DISTRICT 9,9,6,9-6,FALSE,"[9,2,3,11,12,4,10,7,6,1,8,5]"
DISTRICT 9,9,9,9-9,TRUE,"[9,3,11,2,4,10,7,6,1,8,5,12]"
DISTRICT 9,9,10,9-10,FALSE,"[9,2,3,11,12,4,10,7,6,1,8,5]"
DISTRICT 9,9,11,9-11,FALSE,"[9,2,4,3,11,10,7,6,1,8,5,12]"
DISTRICT 9,9,12,9-12,FALSE,"[9,2,4,3,11,10,7,6,1,8,5,12]"
DISTRICT 9,9,14,9-14,FALSE,"[9,2,3,11,12,4,10,7,6,1,8,5]"
DISTRICT 9,9,18,9-18,TRUE,"[9,4,2,3,7,10,11,6,1,8,5,12]"
DISTRICT 9,9,20,9-20,FALSE,"[9,4,2,3,7,10,11,6,1,8,5,12]"
DISTRICT 9,9,30,9-30,TRUE,"[9,2,3,11,12,4,10,7,6,1,8,5]"
DISTRICT 9,9,31,9-31,FALSE,"[9,7,10,4,6,2,1,3,5,8,11,12]"
DISTRICT 9,9,32,9-32,FALSE,"[9,7,10,6,4,2,1,5,3,8,11,12]"
DISTRICT 9,9,33,9-33,TRUE,"[9,4,2,3,10,7,6,1,5,8,11,12]"
DISTRICT 9,9,35,9-35,TRUE,"[9,2,3,11,12,4,10,7,6,1,8,5]"
DISTRICT 9,9,40,9-40,TRUE,"[9,7,10,6,4,2,1,3,5,8,11,12]"
DISTRICT 9,9,42,9-42,FALSE,"[9,10,7,6,1,4,2,8,5,3,11,12]"
DISTRICT 9,9,60,9-60,FALSE,"[9,3,11,2,4,7,10,6,1,8,5,12]"
DISTRICT 9,9,61,9-61,FALSE,"[9,2,3,11,12,4,7,10,6,1,8,5]"
DISTRICT 9,9,62,9-62,FALSE,"[9,7,2,10,6,1,3,4,5,8,11,12]"
DISTRICT 9,9,64,9-64,FALSE,"[9,2,3,11,12,4,7,10,6,1,8,5]"
DISTRICT 9,9,70,9-70,FALSE,"[9,2,3,7,10,6,4,1,5,8,11,12]"
DISTRICT 9,9,71,9-71,FALSE,"[9,2,3,11,12,4,7,10,6,1,8,5]"
DISTRICT 9,9,72,9-72,FALSE,"[9,2,3,11,12,4,7,10,6,1,8,5]"
DISTRICT 9,9,93,9-93,FALSE,"[9,2,3,11,12,4,10,7,6,1,8,5]"
DISTRICT 9,9,94,9-94,FALSE,"[9,2,3,11,12,4,10,7,6,1,8,5]"
DISTRICT 9,9,95,9-95,FALSE,"[9,2,3,11,12,4,10,7,6,1,8,5]"
DISTRICT 9,9,96,9-96,FALSE,"[9,2,3,11,12,4,10,7,6,1,8,5]"
DISTRICT 9,9,108,9-108,FALSE,"[9,2,4,10,7,1,6,8,3,11,5,12]"
DISTRICT 9,9,139,9-139,FALSE,"[9,3,11,2,4,10,7,6,1,8,5,12]"
DISTRICT 9,9,141,9-141,FALSE,"[9,3,11,2,4,10,7,6,1,8,5,12]"
DISTRICT 9,9,200,9-200,FALSE,"[9,2,4,3,11,10,7,6,1,8,5,12]"
DISTRICT 9,9,201,9-201,FALSE,"[9,2,3,11,12,4,7,10,6,1,8,5]"
DISTRICT 9,9,202,9-202,FALSE,"[9,3,11,2,4,10,7,6,1,8,5,12]"
DISTRICT 9,9,203,9-203,FALSE,"[9,2,3,11,12,4,7,10,6,1,8,5]"
DISTRICT 9,9,204,9-204,FALSE,"[9,2,3,11,12,4,10,7,6,1,8,5]"
DISTRICT 9,9,205,9-205,FALSE,"[9,2,3,11,12,4,7,10,6,1,8,5]"
DISTRICT 9,9,206,9-206,FALSE,"[9,2,3,11,12,4,10,7,6,1,8,5]"
DISTRICT 9,9,207,9-207,FALSE,"[9,2,4,3,11,7,10,6,1,8,5,12]"
DISTRICT 9,9,208,9-208,FALSE,"[9,2,3,11,12,4,10,7,6,1,8,5]"
DISTRICT 9,9,209,9-209,FALSE,"[9,2,4,3,11,7,10,6,1,8,5,12]"
DISTRICT 9,9,210,9-210,FALSE,"[9,2,3,11,12,4,10,7,6,1,8,5]"
DISTRICT 9,9,211,9-211,FALSE,"[9,10,2,3,11,12,4,7,6,1,8,5]"
DISTRICT 9,9,212,9-212,FALSE,"[9,2,3,11,12,4,10,7,6,1,8,5]"
DISTRICT 9,9,213,9-213,FALSE,"[9,10,2,3,11,12,4,7,6,1,8,5]"
DISTRICT 9,9,214,9-214,FALSE,"[9,2,3,11,12,4,10,7,6,1,8,5]"
DISTRICT 9,9,215,9-215,FALSE,"[9,10,7,6,1,4,2,8,5,3,11,12]"
DISTRICT 9,9,216,9-216,FALSE,"[9,2,4,3,11,10,7,6,1,8,5,12]"
DISTRICT 9,9,218,9-218,FALSE,"[9,2,4,3,11,10,7,6,1,8,5,12]"
DISTRICT 9,9,219,9-219,FALSE,"[9,7,10,6,4,1,2,5,8,3,11,12]"
DISTRICT 9,9,220,9-220,FALSE,"[9,2,4,3,11,10,7,6,1,8,5,12]"
DISTRICT 9,9,222,9-222,FALSE,"[9,7,10,6,1,5,4,2,8,3,11,12]"
DISTRICT 9,9,400,9-400,TRUE,"[9,2,3,11,12,4,10,7,6,1,8,5]"
DISTRICT 9,9,534,9-534,FALSE,"[9,7,2,10,6,1,4,8,3,11,5,12]"
DISTRICT 9,9,399A,9-399A,FALSE,"[9,4,2,7,10,6,1,3,11,8,5,12]"
DISTRICT 9,9,399B,9-399B,FALSE,"[9,2,4,3,7,10,6,1,11,8,5,12]"
DISTRICT 9,9,399C,9-399C,FALSE,"[9,2,3,11,12,4,10,7,6,1,8,5]"
DISTRICT 9,9,399D,9-399D,FALSE,"[9,2,4,3,11,10,7,6,1,8,5,12]"
DISTRICT 9,9,399E,9-399E,FALSE,"[9,2,4,3,11,10,7,6,1,8,5,12]"
DISTRICT 9,9,399F,9-399F,FALSE,"[9,7,10,6,4,1,2,5,3,8,11,12]"
DISTRICT 9,9,399G,9-399G,FALSE,"[9,2,4,3,11,10,7,6,1,8,5,12]"
DISTRICT 9,9,399H,9-399H,FALSE,"[9,2,4,10,7,1,6,8,3,11,5,12]"
DISTRICT 9,9,50J,9-50J,FALSE,"[9,2,3,11,12,4,10,7,6,1,8,5]"
DISTRICT 9,9,50N,9-50N,FALSE,"[9,3,11,2,4,10,7,6,1,8,5,12]"
DISTRICT 9,9,51B,9-51B,FALSE,"[9,3,11,2,4,7,10,6,1,8,5,12]"
DISTRICT 9,9,51G,9-51G,FALSE,"[9,7,10,6,1,4,5,2,8,3,11,12]"
DISTRICT 9,9,52A,9-52A,FALSE,"[9,7,10,6,4,2,1,5,3,8,11,12]"
DISTRICT 9,9,52B,9-52B,FALSE,"[9,7,4,10,6,2,3,11,1,5,8,12]"
DISTRICT 9,9,52C,9-52C,FALSE,"[9,2,4,3,11,7,10,6,1,8,5,12]"
DISTRICT 9,9,52D,9-52D,FALSE,"[9,2,3,4,10,11,7,6,1,8,5,12]"
DISTRICT 9,9,52E,9-52E,FALSE,"[9,2,4,3,11,7,10,6,1,8,5,12]"
DISTRICT 9,9,52G,9-52G,FALSE,"[9,2,3,11,12,4,7,10,6,1,8,5]"
DISTRICT 9,9,538A,9-538A,FALSE,"[9,2,4,3,11,10,7,6,1,8,5,12]"
DISTRICT 9,9,538B,9-538B,FALSE,"[9,4,2,3,7,10,11,6,1,8,5,12]"
DISTRICT 9,9,538C,9-538C,FALSE,"[9,2,4,3,11,10,7,6,1,8,5,12]"
DISTRICT 9,9,538D,9-538D,FALSE,"[9,2,4,3,11,10,7,6,1,8,5,12]"
DISTRICT 9,9,538E,9-538E,FALSE,"[9,2,3,11,12,4,10,7,6,1,8,5]"
DISTRICT 9,9,538F,9-538F,FALSE,"[9,2,3,11,12,4,10,7,6,1,8,5]"
DISTRICT 9,9,91B,9-91B,FALSE,"[9,3,11,2,4,7,10,6,1,8,5,12]"
DISTRICT 10,10,18,10-18,TRUE,"[10,7,6,1,5,8,2,9,4,3,11,12]"
DISTRICT 10,10,19,10-19,TRUE,"[10,7,6,1,5,8,2,9,4,3,11,12]"
DISTRICT 10,10,20,10-20,TRUE,"[10,6,1,7,5,8,2,9,4,3,11,12]"
DISTRICT 10,10,21,10-21,TRUE,"[10,6,1,7,5,8,2,9,4,3,11,12]"
DISTRICT 10,10,22,10-22,TRUE,"[10,6,7,1,8,5,2,9,4,3,11,12]"
DISTRICT 10,10,23,10-23,TRUE,"[10,6,1,5,8,7,4,2,3,9,11,12]"
DISTRICT 10,10,24,10-24,TRUE,"[10,1,5,7,8,2,9,4,3,11,12]"
DISTRICT 10,10,25,10-25,TRUE,"[10,6,1,7,5,8,2,9,4,3,11,12]"
DISTRICT 10,10,26,10-26,TRUE,"[10,6,1,7,8,5,2,9,4,3,11,12]"
DISTRICT 10,10,27,10-27,TRUE,"[10,6,1,7,8,5,2,9,4,3,11,12]"
DISTRICT 10,10,28,10-28,TRUE,"[10,6,1,7,8,5,2,9,4,3,11,12]"
DISTRICT 10,10,29,10-29,TRUE,"[10,1,6,8,5,7,2,9,4,3,11,12]"
DISTRICT 10,10,35,10-35,TRUE,"[10,1,6,5,8,7,2,9,4,3,11,12]"
DISTRICT 10,10,36,10-36,TRUE,"[10,1,6,8,5,7,2,9,4,3,11,12]"
DISTRICT 10,10,37,10-37,TRUE,"[10,1,6,5,8,7,2,9,4,3,11,12]"
DISTRICT 10,10,39,10-39,TRUE,"[10,1,6,7,5,8,2,9,4,3,11,12]"
DISTRICT 10,10,42,10-42,TRUE,"[10,6,7,1,5,8,2,9,4,3,11,12]"
DISTRICT 10,10,106,10-106,FALSE,"[10,6,1,7,8,5,9,4,2,3,11,12]"
DISTRICT 10,10,107,10-107,FALSE,"[10,7,6,1,9,8,5,4,2,3,11,12]"
DISTRICT 10,10,109,10-109,FALSE,"[10,7,6,1,9,8,5,4,2,3,11,12]"
DISTRICT 10,10,110,10-110,FALSE,"[10,1,6,7,8,5,9,4,2,3,11,12]"
DISTRICT 10,10,111,10-111,FALSE,"[10,1,7,6,8,5,9,4,2,3,11,12]"
DISTRICT 10,10,113,10-113,FALSE,"[10,6,1,7,8,5,9,4,2,3,11,12]"
DISTRICT 10,10,200,10-200,FALSE,"[10,1,6,7,5,8,9,4,3,2,11,12]"
DISTRICT 10,10,201,10-201,FALSE,"[10,6,5,7,1,8,9,4,2,3,11,12]"
DISTRICT 10,10,203,10-203,FALSE,"[10,6,5,7,1,8,9,4,2,3,11,12]"
DISTRICT 10,10,204,10-204,FALSE,"[10,6,1,7,8,5,4,9,3,2,11,12]"
DISTRICT 10,10,206,10-206,FALSE,"[10,6,1,7,8,5,9,4,3,2,11,12]"
DISTRICT 10,10,217,10-217,FALSE,"[10,7,9,6,1,8,4,5,2,3,11,12]"
DISTRICT 10,10,221,10-221,FALSE,"[10,6,7,1,5,8,9,4,2,3,11,12]"
DISTRICT 10,10,223,10-223,FALSE,"[10,1,6,5,7,8,9,4,3,2,11,12]"
DISTRICT 10,10,224,10-224,FALSE,"[10,7,6,1,5,8,9,4,2,3,11,12]"
DISTRICT 10,10,226,10-226,FALSE,"[10,6,7,1,5,8,9,4,2,3,11,12]"
DISTRICT 10,10,250,10-250,FALSE,"[10,1,6,7,5,8,9,4,2,3,11,12]"
DISTRICT 10,10,252,10-252,FALSE,"[10,1,6,8,7,5,9,4,3,2,11,12]"
DISTRICT 10,10,254,10-254,FALSE,"[10,7,6,1,5,8,9,4,2,3,11,12]"
DISTRICT 10,10,255,10-255,FALSE,"[10,6,7,1,5,8,9,4,2,3,11,12]"
DISTRICT 10,10,881,10-881,TRUE,"[10,6,7,1,5,8,2,9,4,3,11,12]"
DISTRICT 10,10,882,10-882,TRUE,"[10,6,7,1,5,8,2,9,4,3,11,12]"
DISTRICT 10,10,883,10-883,TRUE,"[10,6,7,1,5,8,2,9,4,3,11,12]"
DISTRICT 10,10,884,10-884,TRUE,"[10,7,6,1,5,8,2,9,4,3,11,12]"
DISTRICT 10,10,885,10-885,TRUE,"[10,7,1,6,8,5,2,9,4,3,11,12]"
DISTRICT 10,10,19A,10-19A,TRUE,"[10,6,7,5,1,8,9,4,2,3,11,12]"
DISTRICT 10,10,398H,10-398H,FALSE,"[10,7,2,6,1,8,9,5,4,3,11,12]"
DISTRICT 10,10,399A,10-399A,FALSE,"[10,1,8,7,6,5,4,2,3,9,11,12]"
DISTRICT 10,10,399B,10-399B,FALSE,"[10,1,6,5,8,7,2,9,4,3,11,12]"
DISTRICT 10,10,399C,10-399C,FALSE,"[10,1,8,6,7,5,4,2,3,9,11,12]"
DISTRICT 10,10,399D,10-399D,FALSE,"[10,1,7,6,8,5,2,9,4,3,11,12]"
DISTRICT 10,10,399E,10-399E,FALSE,"[10,6,7,5,1,8,2,9,4,3,11,12]"
DISTRICT 10,10,399H,10-399H,FALSE,"[10,6,7,1,5,8,2,9,4,3,11,12]"
DISTRICT 10,10,399I,10-399I,FALSE,"[10,7,1,6,8,5,2,9,4,3,11,12]"
DISTRICT 10,10,399J,10-399J,FALSE,"[10,7,6,1,8,5,2,9,4,3,11,12]"
DISTRICT 10,10,399K,10-399K,FALSE,"[10,1,6,5,7,8,4,2,3,9,11,12]"
DISTRICT 10,10,399L,10-399L,FALSE,"[10,1,7,6,5,8,2,9,4,3,11,12]"
DISTRICT 10,10,399M,10-399M,FALSE,"[10,6,7,1,5,8,2,9,4,3,11,12]"
DISTRICT 10,10,399N,10-399N,FALSE,"[10,1,6,7,8,5,2,9,4,3,11,12]"
DISTRICT 10,10,399Q,10-399Q,FALSE,"[10,6,7,5,1,8,2,9,4,3,11,12]"
DISTRICT 10,10,399R,10-399R,FALSE,"[10,6,7,5,1,8,2,9,4,3,11,12]"
DISTRICT 10,10,399S,10-399S,FALSE,"[10,6,1,8,7,5,4,2,3,9,11,12]"
DISTRICT 10,10,399Z,10-399Z,FALSE,"[10,7,6,1,8,5,2,9,4,3,11,12]"
DISTRICT 11,11,1,11-1,TRUE,"[11,12,3,9,2,4,7,10,1,6,5]"
DISTRICT 11,11,4,11-4,FALSE,"[11,12,3,4,9,2,7,10,1,6,5]"
DISTRICT 11,11,8,11-8,TRUE,"[11,12,3,9,2,4,7,10,1,6,5]"
DISTRICT 11,11,9,11-9,TRUE,"[11,12,3,9,2,4,7,10,1,6,5]"
DISTRICT 11,11,40,11-40,FALSE,"[11,12,3,4,9,2,7,10,1,6,5]"
DISTRICT 11,11,41,11-41,FALSE,"[11,12,3,4,9,2,7,10,1,6,5]"
DISTRICT 11,11,77,11-77,FALSE,"[11,12,3,4,9,2,7,10,1,6,5]"
DISTRICT 11,11,230,11-230,FALSE,"[11,12,3,4,9,2,7,10,1,6,5]"
DISTRICT 11,11,231,11-231,FALSE,"[11,12,3,4,9,2,7,10,1,6,5]"
DISTRICT 11,11,232,11-232,FALSE,"[11,12,3,4,9,2,7,10,1,6,5]"
DISTRICT 11,11,233,11-233,FALSE,"[11,12,3,4,9,2,7,10,1,6,5]"
DISTRICT 11,11,234,11-234,FALSE,"[11,12,3,4,9,2,7,10,1,6,5]"
DISTRICT 11,11,380,11-380,TRUE,"[11,3,12,9,2,4,7,10,1,6,5]"
DISTRICT 11,11,381,11-381,FALSE,"[11,12,3,4,9,2,7,10,1,6,5]"
DISTRICT 11,11,640,11-640,FALSE,"[11,3,12,9,2,4,7,10,1,6,5]"
DISTRICT 11,11,641,11-641,FALSE,"[11,12,3,4,9,2,8,1,7,10,6,5]"
DISTRICT 11,11,970,11-970,FALSE,"[11,3,12,9,2,4,7,10,1,6,5]"
DISTRICT 11,11,971,11-971,FALSE,"[11,3,12,9,2,4,7,10,1,6,5]"
DISTRICT 11,11,972,11-972,FALSE,"[11,3,12,9,2,4,7,10,1,6,5]"
DISTRICT 11,11,973,11-973,FALSE,"[11,12,3,9,2,4,7,10,1,6,5]"
DISTRICT 11,11,974,11-974,FALSE,"[11,12,3,9,2,4,7,10,1,6,5]"
DISTRICT 11,11,980,11-980,TRUE,"[11,3,12,9,2,4,7,10,1,6,5]"
DISTRICT 11,11,981,11-981,TRUE,"[11,3,12,9,2,4,7,10,1,6,5]"
DISTRICT 11,11,982,11-982,TRUE,"[11,3,12,9,2,4,7,10,1,6,5]"
DISTRICT 11,11,983,11-983,TRUE,"[11,3,12,9,2,4,7,10,1,6,5]"
DISTRICT 11,11,984,11-984,FALSE,"[11,3,12,9,2,4,7,10,1,6,5]"
DISTRICT 11,11,380A,11-380A,TRUE,"[11,3,12,9,2,4,7,10,1,6,5]"
DISTRICT 11,11,380B,11-380B,TRUE,"[11,3,12,9,2,4,7,10,1,6,5]"
DISTRICT 11,11,380C,11-380C,FALSE,"[11,3,12,9,2,4,7,10,1,6,5]"
DISTRICT 11,11,381A,11-381A,FALSE,"[11,12,3,4,9,2,7,10,1,6,5]"
DISTRICT 11,11,381B,11-381B,FALSE,"[11,12,3,4,9,2,7,10,1,6,5]"
DISTRICT 11,11,397A,11-397A,FALSE,"[11,12,3,4,9,2,7,10,1,6,5]"
DISTRICT 11,11,397B,11-397B,FALSE,"[11,12,3,4,9,2,7,10,1,6,5]"
DISTRICT 11,11,397C,11-397C,FALSE,"[11,12,3,4,9,2,7,10,1,6,5]"
DISTRICT 11,11,397D,11-397D,FALSE,"[11,12,3,4,9,2,7,10,1,6,5]"
DISTRICT 11,11,397E,11-397E,FALSE,"[11,12,3,4,9,2,7,10,1,6,5]"
DISTRICT 11,11,397F,11-397F,FALSE,"[11,12,3,4,9,2,7,10,1,6,5]"
DISTRICT 11,11,501A,11-501A,FALSE,"[11,12,3,4,9,2,7,10,1,6,5]"
DISTRICT 11,11,501B,11-501B,TRUE,"[11,12,3,4,9,2,7,10,1,6,5]"
DISTRICT 12,12,1,12-1,FALSE,"[12,11,3,4,9,2,8,1,7,10,6,5]"
DISTRICT 12,12,3,12-3,FALSE,"[12,11,3,4,9,2,8,1,7,10,6,5]"
DISTRICT 12,12,8,12-8,FALSE,"[12,11,3,4,9,2,8,1,7,10,6,5]"
DISTRICT 12,12,10,12-10,TRUE,"[12,11,3,4,2,9,8,1,5,7,10,6]"
DISTRICT 12,12,30,12-30,FALSE,"[12,11,3,4,9,2,8,1,7,10,6,5]"
DISTRICT 12,12,31,12-31,FALSE,"[12,11,3,4,9,2,8,1,7,10,6,5]"
DISTRICT 12,12,32,12-32,FALSE,"[12,11,3,4,2,9,8,1,5,7,10,6]"
DISTRICT 12,12,233,12-233,FALSE,"[12,11,3,4,9,2,8,1,7,10,6,5]"
DISTRICT 12,12,234,12-234,FALSE,"[12,11,3,4,9,2,8,1,7,10,6,5]"
DISTRICT 12,12,235,12-235,FALSE,"[12,11,3,4,9,2,8,1,7,10,6,5]"
DISTRICT 12,12,236,12-236,FALSE,"[12,11,3,4,9,2,8,1,7,10,6,5]"
DISTRICT 12,12,237,12-237,FALSE,"[12,11,3,4,9,2,8,1,7,10,6,5]"
DISTRICT 12,12,400,12-400,FALSE,"[12,11,3,4,9,2,8,1,7,10,6,5]"
DISTRICT 12,12,641,12-641,FALSE,"[12,11,3,4,9,2,8,1,7,10,6,5]"
DISTRICT 12,12,642,12-642,FALSE,"[12,11,3,4,9,2,8,1,7,10,6,5]"
DISTRICT 12,12,643,12-643,FALSE,"[12,11,3,4,9,2,8,1,7,10,6,5]"
DISTRICT 12,12,644,12-644,FALSE,"[12,11,3,4,2,9,8,1,5,7,10,6]"
DISTRICT 12,12,645,12-645,FALSE,"[12,11,3,4,2,9,8,1,5,7,10,6]"
DISTRICT 12,12,381B,12-381B,FALSE,"[12,11,3,4,9,2,8,1,7,10,6,5]"
DISTRICT 12,12,501B,12-501B,FALSE,"[12,11,3,4,9,2,8,1,7,10,6,5]"