,2,3,4,5,6,7,8,9,10,11,12,13,14,15,16,17,18,19,20,21,22,23,24,25,26,27,28,29,30,31,32,33,34,35,36,37,38,39,40,41,42,43,44,45,46,47,48,49,50,51,52,53,54,55,56,57,58,59,60,61,62,63,64,65,66,67,68,69,70,71,72,73,74,75,76,77,78,79,80,81,82,83,84,85,86,87,88,89,90
FS,1_E,2_E,3_E,1_T,2_T,1_R,2_R,1_SQ,2_SQ,1_LF,1_U,2_U,1_ARFF,2_ARFF,3_ARFF,4_ARFF,5_ARFF,6_ARFF,7_ARFF,1_HM,1_TR,1_USAR,1_UK9,1_UU,1_UTV,1_BE,2_BE,1_TNK,2_TNK,1_PT,2_PT,3_PT,4_PT,1_WL,2_WL,3_WL,4_WL,1_BATV,2_BATV,3_BATV,4_BATV,1_KT,2_KT,3_KT,4_KT,1_AT,2_AT,3_AT,4_AT,1_BLADE,2_BLADE,1_CMD,2_CMD,3_CMD,4_CMD,5_CMD,6_CMD,7_CMD,8_CMD,1_ALSTX,2_ALSTX,3_ALSTX,4_ALSTX,1_BLSTX,2_BLSTX,3_BLSTX,4_BLSTX,1_EMSO,2_EMSO,1_SW,1_DIVE,1_MARINE,1_RB,1_BWDS,1_FM,2_FM,1_FI,2_FI,1_ME,1_AR,2_AR,1_HELO,2_HELO,3_HELO,4_HELO,1_PLANE,2_PLANE,3_PLANE,4_PLANE
1,E001,E201,,T001,,,,,,LF01,U001,SS01,,,,,,,,,,,,UU01,UTV01 ATV01,E301,,TNK01,,,,,,WL011,,,,ATV011,,,,KT011,BIKE011,BIKE012,,,,,,,,BC21,BC20,BC31,BC30,,,,,M001,M201,,AMR,A001,A201,,AMR,S001,[EMS01],SW01 MARRES01,DIVE01 MARSUP01,,,,[FM01],[FMK901],[FI01],,[CME01],,,,,,,,,AIROPS01,
2,E002,,,,,,,,,,U002,SS02,CRASH021,,,,,,,,,,UK902,US02,UTV02 ATV02,E302,,TNK02,,PT021,,,,,,,,,,,,KT021,BIKE021,,,,,,,,,BC22,,BC32,,,,,,M002,,,AMR,A002,,,AMR,,,,MARSUP02,GUARDIAN02,,,[FM02],[FMK902],[FI02],,[CME02],,,,,,,,,AIROPS02,
3,,,,,,,,,,,,,,,,,,,,,,,,,,,,,,,,,,,,,,,,,,,,,,,,,,,,,,,,,,,,,,,,,,,,,,,,,,,,,,,,,,,,,,,,,
4,,,,,,,,,,,,,,,,,,,,,,,,,,,,,,,,,,,,,,,,,,,,,,,,,,,,,,,,,,,,,,,,,,,,,,,,,,,,,,,,,,,,,,,,,
5,,,,,,,,,,,,,,,,,,,,,,,,,,,,,,,,,,,,,,,,,,,,,,,,,,,,,,,,,,,,,,,,,,,,,,,,,,,,,,,,,,,,,,,,,
6,,,,,,,,,,,,,,,,,,,,,,,,,,,,,,,,,,,,,,,,,,,,,,,,,,,,,,,,,,,,,,,,,,,,,,,,,,,,,,,,,,,,,,,,,
7,,,,,,,,,,,,,,,,,,,,,,,,,,,,,,,,,,,,,,,,,,,,,,,,,,,,,,,,,,,,,,,,,,,,,,,,,,,,,,,,,,,,,,,,,
8,,,,,,,,,,,,,,,,,,,,,,,,,,,,,,,,,,,,,,,,,,,,,,,,,,,,,,,,,,,,,,,,,,,,,,,,,,,,,,,,,,,,,,,,,
9,,,,,,,,,,,,,,,,,,,,,,,,,,,,,,,,,,,,,,,,,,,,,,,,,,,,,,,,,,,,,,,,,,,,,,,,,,,,,,,,,,,,,,,,,
10,,,,,,,,,,,,,,,,,,,,,,,,,,,,,,,,,,,,,,,,,,,,,,,,,,,,,,,,,,,,,,,,,,,,,,,,,,,,,,,,,,,,,,,,,
11,,,,,,,,,,,,,,,,,,,,,,,,,,,,,,,,,,,,,,,,,,,,,,,,,,,,,,,,,,,,,,,,,,,,,,,,,,,,,,,,,,,,,,,,,
12,E012,,,,,,,,,,,,CRASH012,,,,,,,,,,,,,,,,,PT121,,,,,,,,,,,,,,,,,,,,,,,,,,,,,,,,,AMR,,,,AMR,,,,,,,,[FM12],[FMK912],[FI12],,[CME12],,,,,,,,,,
20,E020,E220,,T020,T220,R020,R220,,,LF20,U020,SS20,CRASH201,CRASH202,CRASH203,CRASH204,CRASH205,CRASH206,CRASH207,HM20,,USAR20,K920,UU20,FC20,E320,,TNK20,,PT201,PT202,,,WL201,WL202,WL203,WL204,ATV201,ATV202,ATV203,ATV204,KT201,KT202,KT203,KT204,AT201,AT202,AT203,AT204,BLADE201,,CM20,BC20,SO20,BC220,AC02,AC01,DC01,,M020,M220,ARCHER,AMR,A020,A220,A020,AMR,S020,AMR,SW20,DIVE20,MARINE20,RB20,BWDS20,[FM20],,[FI20],,[CME20],AIR23,,FH201,,,,PH201,GR201,AIROPS20,
21,E021,E221,,L021,T221,R021,R221,,,LF21,,,,,,,,,,HM21,,,,,,E321,,TNK21,,PT211,PT212,,,WL211,WL212,,,ATV211,ATV212,,,KT211,BIKE211,,,AT211,,,,BLADE211,,CM21,D21,,,,,,,M021,M221,,AMR,A021,A221,A022,AMR,S021,AMR,SW21,DIVE21,MARINE21,RB21,BWDS21,[FM21],,[FI21],,[CME21],AIR25,,FH211,,,,PH211,GR211,AIROPS21,
22,E022,E222,QNT22,QNT22,,R022,R222,,,LF22,,,,,,,,,,HM22,,,,,,E322,,TNK22,,PT221,PT222,,,WL221,WL222,,,ATV221,ATV222,,,KT221,BIKE221,,,AT221,,,,BLADE221,,CM22,D22,,,,,,,M022,M222,,AMR,A022,A222,A023,AMR,S022,AMR,SW22,DIVE22,MARINE22,RB22,BWDS22,[FM22],,[FI22],,[CME22],AIR26,,FH221,,,,PH221,GR221,AIROPS22,
23,E023,E223,QNT23,QNT23,,R023,R223,,,LF23,,,,,,,,,,HM23,,,,,,E323,,TNK23,,PT231,PT232,,,WL231,WL232,,,ATV231,ATV232,,,KT231,BIKE231,,,AT231,,,,BLADE231,,FA01,D23,,,,,,,M023,M223,,AMR,A023,A223,A024,AMR,S023,AMR,SW23,DIVE23,MARINE23,RB23,BWDS23,[FM23],,[FI23],,[CME23],AIR31,,FH231,,,,PH231,GR231,AIROPS23,
24,E024,E224,,TL024,L224,R024,R224,,,LF24,,,CRASH241,CRASH242,CRASH243,CRASH244,CRASH245,CRASH246,CRASH247,HM24,,,,,,E324,,TNK24,,PT241,,,,WL241,,,,ATV241,,,,,,,,,,,,,,,,,,,,,,M024,M224,,,A024,,,,,,,,,,,[FM24],,[FI24],,[CME24],AIR33,,,,,,,,,
25,E025,E225,,,,,,,,,,,,,,,,,,,,,,,,E325,,TNK25,,,,,,,,,,,,,,,,,,,,,,,,,,,,,,,,M025,M225,,,A025,,,,,,,,,,,[FM25],,[FI25],,[CME25],AIR34,,,,,,,,,
26,E026,E226,,,,R026,R226,,,,,,,,,,,,,,,,,,,E326,,TNK26,,,,,,,,,,,,,,,,,,,,,,,,,,,,,,,,M026,M226,,,A026,,,,,,,,,,,[FM26],,[FI26],,[CME26],AIR51,,,,,,,,,
27,E027,E227,,L027,,R027,R227,,,LF27,,,,,,,,,,HM27,,,,,,E327,,TNK27,,,,,,,,,,,,,,,,,,,,,,,,,,,,,,,,M027,M227,,,A027,,,,,,,,,,,[FM27],,[FI27],,[CME27],AIR52,,,,,,,,,
28,E028,E228,,,,,,,,,,,,,,,,,,,,,,,,E328,,TNK28,,,,,,,,,,,,,,,,,,,,,,,,,,,,,,,,M028,M228,,,A028,,,,,,,,,,,[FM28],,[FI28],,[CME28],AIR53,,,,,,,,,
29,E029,E229,QNT29,T029,QNT29,R029,R229,,,LF29,,,,,,,,,,,,,,,,E329,,TNK29,,,,,,,,,,,,,,,,,,,,,,,,,,,,,,,,M029,M229,,,A029,,,,,,,,,,,[FM29],,[FI29],,[CME29],AIR55,,,,,,,,,
30,E030,E230,,TL030,,R030,R230,,,LF30,,,,,,,,,,HM30,,,,,,E330,,TNK30,,,,,,,,,,,,,,,,,,,,,,,,CM30,D30,,,,,,,M030,M230,,,A030,,,,,,,,,,,[FM30],,[FI30],,[CME30],,,,,,,,,,
31,E031,E231,,,,R031,,,,,,,,,,,,,,,,,,,,E331,,TNK31,,,,,,,,,,,,,,,,,,,,,,,,CM31,D31,,,,,,,M031,M231,,,A031,,,,,,,,,,,[FM31],,[FI31],,[CME31],,,,,,,,,,
32,E032,E232,,TL032,,,,,,LF32,,,,,,,,,,,,,,,,E332,,TNK32,,,,,,,,,,,,,,,,,,,,,,,,,D32,,,,,,,M032,M232,,,A032,,,,,,,,,,,[FM32],,[FI32],,[CME32],,,,,,,,,,
33,E033,E233,QNT33,L033,QNT33,R033,,,,LF33,,,,,,,,,,,,,,,,E333,,TNK33,,,,,,,,,,,,,,,,,,,,,,,,,D33,,,,,,,M033,M233,,,A033,,,,,,,,,,,[FM33],,[FI33],,[CME33],,,,,,,,,,
34,E034,E234,,,,R034,R234,,,,,,,,,,,,,,,,,,,E334,,TNK34,,,,,,,,,,,,,,,,,,,,,,,,,,,,,,,,M034,M234,,,A034,,,,,,,,,,,[FM34],,[FI34],,[CME34],,,,,,,,,,
35,E035,E235,QNT36,TL035,QNT36,,,,,LF35,,,,,,,,,,,,,,,,E335,,TNK35,,,,,,,,,,,,,,,,,,,,,,,,,,,,,,,,M035,M235,,,A035,,,,,,,,,,,[FM35],,[FI35],,[CME35],,,,,,,,,,
36,E036,E236,,T036,,R036,R236,,,LF36,,,,,,,,,,,,USAR36,K936,UU36,FC36,E336,,TNK36,,,,,,,,,,,,,,,,,,,,,,,,,,,,,,,,M036,M236,,,A036,,,,,,,,,,,[FM36],,[FI36],,[CME36],,,,,,,,,,
37,E037,E237,,L037,,R037,,,,LF37,,,,,,,,,,,,,,,,E337,,TNK37,,,,,,,,,,,,,,,,,,,,,,,,,,,,,,,,M037,M237,,,A037,,,,,,,,,,,[FM37],,[FI37],,[CME37],,,,,,,,,,
38,E038,E238,,T038,,,,,,LF38,,,,,,,,,,HM38,,,,,,E338,,TNK38,,,,,,,,,,,,,,,,,,,,,,,,,,,,,,,,M038,M238,,,A038,,,,,,,,,,,[FM38],,[FI38],,[CME38],,,,,,,,,,
39,E039,E239,,T039,,,,,,LF39,,,,,,,,,,HM39,,,,,,E429,,TNK39,,,,,,,,,,,,,,,,,,,,,,,,,,,,,,,,M039,M239,,,A039,,,,,,,,,,,[FM39],,[FI39],,[CME39],,,,,,,,,,
40,E040,E240,,,,R040,R240,,,,,,,,,,,,,,,,,,,E430,,TNK40,,,,,,,,,,,,,,,,,,,,,,,,CM40,D40,,,,,,,M040,M240,,,A040,,,,,,,,,,,[FM40],,[FI40],,[CME40],,,,,,,,,,
41,E041,E241,,,,,,,,,,,,,,,,,,,,,,,,E431,,TNK41,,,,,,,,,,,,,,,,,,,,,,,,CM41,D41,,,,,,,M041,M241,,,A041,,,,,,,,,,,[FM41],,[FI41],,[CME41],,,,,,,,,,
42,E042,E242,,T042,L242,R042,R242,,,LF42,,,,,,,,,,,,,,,,E432,,TNK42,,,,,,,,,,,,,,,,,,,,,,,,,D42,,,,,,,M042,M242,,,A042,,,,,,,,,,,[FM42],,[FI42],,[CME42],,,,,,,,,,
43,E043,E243,,T043,TL243,,R243,,,LF43,,,,,,,,,,,,,,,,E343,,TNK43,,,,,,,,,,,,,,,,,,,,,,,,,D43,,,,,,,M043,M243,,,A043,,,,,,,,,,,[FM43],,[FI43],,[CME43],,,,,,,,,,
CMD,,,,,,,,,,,,,,,,,,,,,,,,,,,,,,,,,,,,,,,,,,,,,,,,,,,,,,,,,,,,,,,,,,,,,,,,,,,,,,,,,,,,,,,,,
9833,,,,,,,,,,,,,,,,,,,,,,,,,,,,,,,,,,,,,,,,,,,,,,,,,,,,,,,,,,,,AMR601,AMR801,,,AMR401,AMR901,,,SPRINT11,SPRINT12,,,,,,,,,,,,,,,,,,,,
9283,,,,,,,,,,,,,,,,,,,,,,,,,,,,,,,,,,,,,,,,,,,,,,,,,,,,,,,,,,,,AMR602,AMR802,,,AMR402,AMR902,,,SPRINT21,SPRINT22,,,,,,,,,,,,,,,,,,,,
9019,,,,,,,,,,,,,,,,,,,,,,,,,,,,,,,,,,,,,,,,,,,,,,,,,,,,,,,,,,,,AMR603,AMR803,,,AMR403,AMR903,,,,,,,,,,,,,,,,,,,,,,,,
9427,,,,,,,,,,,,,,,,,,,,,,,,,,,,,,,,,,,,,,,,,,,,,,,,,,,,,,,,,,,,AMR604,AMR804,,,AMR404,AMR904,,,,,,,,,,,,,,,,,,,,,,,,
SAFS,,,,,,,,,,,,,,,,,,,,,,,,,,,,,,,,,,,,,,,,,,,,,,,,,,,,,,,,,,,,,,,,,,,,,,,,,,,,,,,,,,,,,,,,,
USAR,,,,,,,,,,,,,,,,,,,,,,,,,,,,,,,,,,,,,,,,,,,,,,,,,,,,,,,,,,,,,,,,,,,,,,,,,,,,,,,,,,,,,,,,,
ARFF,,,,,,,,,,,,,,,,,,,,,,,,,,,,,,,,,,,,,,,,,,,,,,,,,,,,,,,,,,,,,,,,,,,,,,,,,,,,,,,,,,,,,,,,,
FLEET SERVICES,,,,,,,,,,,,,,,,,,,,,,,,,,,,,,,,,,,,,,,,,,,,,,,,,,,,,,,,,,,,,,,,,,,,,,,,,,,,,,,,,,,,,,,,,
LG,,,,,,,,,,,,,,,,,,,,,,,,,,,,,,,,,,,,,,,,,,,,,,,,,,,,,,,,,,,,,,,,,,,,,,,,,,BWDS,,,,,,,,,,,,,,,
FMO,,,,,,,,,,,,,,,,,,,,,,,,,,,,,,,,,,,,,,,,,,,,,,,,,,,,,,,,,,,,,,,,,,,,,,,,,,,,,,,OCFM,,,,,,,,,,
MEO,,,,,,,,,,,,,,,,,,,,,,,,,,,,,,,,,,,,,,,,,,,,,,,,,,,,,,,,,,,,,,,,,,,,,,,,,,,,,,,OCME,,,,,,,,,,
SHANK,,,,,,,,,,,,,,,,,,,,,,,,,,,,,,,,,,,,,,,,,,,,,,,,,,,,,,,,,,,,,,,,,,,,,,,,,,,,,,,,AR05,,,,,,,,,
LSIA,,,,,,,,,,,,,,,,,,,,,,,,,,,,,,,,,,,,,,,,,,,,,,,,,,,,,,,,,,,,,,,,,,,,,,,,,,,,,,,,AR04,,,,,,,,,
FORT ZANCUDO,,,,,,,,,,,,,,,,,,,,,,,,,,,,,,,,,,,,,,,,,,,,,,,,,,,,,,,,,,,,,,,,,,,,,,,,,,,,,,,,AR06,,,,,,,,,
GRAPESEED,,,,,,,,,,,,,,,,,,,,,,,,,,,,,,,,,,,,,,,,,,,,,,,,,,,,,,,,,,,,,,,,,,,,,,,,,,,,,,,,,,,,,,,,,
SANDY SHORES AIRFIELD,,,,,,,,,,,,,,,,,,,,,,,,,,,,,,,,,,,,,,,,,,,,,,,,,,,,,,,,,,,,,,,,,,,,,,,,,,,,,,,,,,,,,,,,,